timestamp,heart_rate_bpm,steps,calories,spo2_percent,stress_level,sleep_stage
2025-09-14 00:00:00,57,0,0.57,95.8,38,Light
2025-09-14 00:01:00,54,0,0.54,96.0,23,Light
2025-09-14 00:02:00,58,0,0.58,96.4,13,Light
2025-09-14 00:03:00,62,0,0.62,97.1,30,Light
2025-09-14 00:04:00,53,0,0.53,96.5,29,Light
2025-09-14 00:05:00,53,0,0.53,97.5,11,Light
2025-09-14 00:06:00,62,0,0.62,97.8,21,Light
2025-09-14 00:07:00,58,0,0.58,97.5,10,Light
2025-09-14 00:08:00,52,0,0.52,98.3,33,Light
2025-09-14 00:09:00,57,0,0.57,97.3,29,Light
2025-09-14 00:10:00,52,0,0.52,96.0,14,Light
2025-09-14 00:11:00,52,0,0.52,98.1,15,Light
2025-09-14 00:12:00,56,0,0.56,96.5,39,Light
2025-09-14 00:13:00,45,0,0.45,97.7,33,Light
2025-09-14 00:14:00,46,0,0.46,98.3,20,Light
2025-09-14 00:15:00,52,0,0.52,97.4,17,Light
2025-09-14 00:16:00,49,0,0.49,95.8,16,Light
2025-09-14 00:17:00,56,0,0.56,96.3,13,Light
2025-09-14 00:18:00,50,0,0.5,98.1,15,Light
2025-09-14 00:19:00,47,0,0.47,96.9,25,Light
2025-09-14 00:20:00,62,0,0.62,97.1,29,Light
2025-09-14 00:21:00,53,0,0.53,97.6,24,Light
2025-09-14 00:22:00,55,0,0.55,97.6,23,Light
2025-09-14 00:23:00,47,0,0.47,97.2,32,Light
2025-09-14 00:24:00,52,0,0.52,96.8,21,Light
2025-09-14 00:25:00,55,0,0.55,96.7,38,Light
2025-09-14 00:26:00,49,0,0.49,97.7,21,Light
2025-09-14 00:27:00,56,0,0.56,97.4,25,Light
2025-09-14 00:28:00,51,0,0.51,96.8,24,Light
2025-09-14 00:29:00,53,0,0.53,97.9,38,Light
2025-09-14 00:30:00,51,0,0.51,96.9,22,Light
2025-09-14 00:31:00,64,0,0.64,96.3,20,Light
2025-09-14 00:32:00,54,0,0.54,96.4,39,Light
2025-09-14 00:33:00,49,0,0.49,96.2,26,Light
2025-09-14 00:34:00,59,0,0.59,96.8,30,Light
2025-09-14 00:35:00,48,0,0.48,98.0,24,Light
2025-09-14 00:36:00,56,0,0.56,96.4,23,Light
2025-09-14 00:37:00,45,0,0.45,97.2,19,Light
2025-09-14 00:38:00,48,0,0.48,96.5,21,Light
2025-09-14 00:39:00,55,0,0.55,96.8,25,Light
2025-09-14 00:40:00,58,0,0.58,95.8,24,Deep
2025-09-14 00:41:00,55,0,0.55,96.8,19,Deep
2025-09-14 00:42:00,54,0,0.54,96.8,13,Deep
2025-09-14 00:43:00,53,0,0.53,97.4,36,Deep
2025-09-14 00:44:00,47,0,0.47,97.2,32,Deep
2025-09-14 00:45:00,51,0,0.51,96.0,38,Deep
2025-09-14 00:46:00,52,0,0.52,97.9,18,Deep
2025-09-14 00:47:00,60,0,0.6,97.2,30,Deep
2025-09-14 00:48:00,56,0,0.56,97.2,29,Deep
2025-09-14 00:49:00,46,0,0.46,97.0,18,Deep
2025-09-14 00:50:00,56,0,0.56,96.6,30,Deep
2025-09-14 00:51:00,53,0,0.53,97.2,34,Deep
2025-09-14 00:52:00,51,0,0.51,97.4,33,Deep
2025-09-14 00:53:00,58,0,0.58,95.6,29,Deep
2025-09-14 00:54:00,60,0,0.6,96.6,20,Deep
2025-09-14 00:55:00,59,0,0.59,96.8,20,Deep
2025-09-14 00:56:00,50,0,0.5,97.2,16,Deep
2025-09-14 00:57:00,53,0,0.53,98.0,30,Deep
2025-09-14 00:58:00,56,0,0.56,96.4,19,Deep
2025-09-14 00:59:00,59,0,0.59,96.6,13,Deep
2025-09-14 01:00:00,52,0,0.52,96.6,14,REM
2025-09-14 01:01:00,54,0,0.54,96.4,14,REM
2025-09-14 01:02:00,49,0,0.49,96.7,20,REM
2025-09-14 01:03:00,49,0,0.49,97.6,18,REM
2025-09-14 01:04:00,59,0,0.59,96.2,37,REM
2025-09-14 01:05:00,61,0,0.61,97.3,25,REM
2025-09-14 01:06:00,54,0,0.54,95.6,18,REM
2025-09-14 01:07:00,60,0,0.6,96.6,31,REM
2025-09-14 01:08:00,56,0,0.56,96.7,39,REM
2025-09-14 01:09:00,51,0,0.51,98.3,13,REM
2025-09-14 01:10:00,56,0,0.56,96.8,11,REM
2025-09-14 01:11:00,62,0,0.62,95.2,23,REM
2025-09-14 01:12:00,54,0,0.54,95.4,12,REM
2025-09-14 01:13:00,62,0,0.62,97.0,27,REM
2025-09-14 01:14:00,45,0,0.45,97.5,30,REM
2025-09-14 01:15:00,59,0,0.59,97.3,15,Light
2025-09-14 01:16:00,55,0,0.55,97.1,20,Light
2025-09-14 01:17:00,53,0,0.53,97.9,30,Light
2025-09-14 01:18:00,55,0,0.55,96.6,27,Light
2025-09-14 01:19:00,45,0,0.45,97.7,21,Light
2025-09-14 01:20:00,53,0,0.53,95.7,14,Light
2025-09-14 01:21:00,56,0,0.56,96.3,18,Light
2025-09-14 01:22:00,62,0,0.62,95.6,29,Light
2025-09-14 01:23:00,52,0,0.52,96.8,37,Light
2025-09-14 01:24:00,50,0,0.5,97.0,35,Light
2025-09-14 01:25:00,52,0,0.52,97.1,27,Light
2025-09-14 01:26:00,59,0,0.59,97.0,28,Light
2025-09-14 01:27:00,56,0,0.56,96.3,12,Light
2025-09-14 01:28:00,52,0,0.52,96.8,18,Light
2025-09-14 01:29:00,57,0,0.57,95.8,13,Light
2025-09-14 01:30:00,55,0,0.55,98.1,26,Light
2025-09-14 01:31:00,59,0,0.59,96.8,26,Light
2025-09-14 01:32:00,51,0,0.51,96.6,32,Light
2025-09-14 01:33:00,53,0,0.53,98.3,32,Light
2025-09-14 01:34:00,53,0,0.53,96.0,11,Light
2025-09-14 01:35:00,47,0,0.47,96.1,18,Light
2025-09-14 01:36:00,56,0,0.56,96.1,18,Light
2025-09-14 01:37:00,56,0,0.56,96.9,14,Light
2025-09-14 01:38:00,55,0,0.55,97.3,24,Light
2025-09-14 01:39:00,53,0,0.53,97.6,24,Light
2025-09-14 01:40:00,47,0,0.47,99.1,12,Light
2025-09-14 01:41:00,52,0,0.52,95.2,28,Light
2025-09-14 01:42:00,53,0,0.53,97.5,37,Light
2025-09-14 01:43:00,50,0,0.5,96.6,12,Light
2025-09-14 01:44:00,54,0,0.54,96.5,15,Light
2025-09-14 01:45:00,57,0,0.57,96.5,13,Light
2025-09-14 01:46:00,64,0,0.64,96.3,33,Light
2025-09-14 01:47:00,55,0,0.55,98.3,22,Light
2025-09-14 01:48:00,56,0,0.56,97.7,36,Light
2025-09-14 01:49:00,54,0,0.54,97.0,22,Light
2025-09-14 01:50:00,45,0,0.45,98.1,36,Light
2025-09-14 01:51:00,54,0,0.54,95.8,20,Light
2025-09-14 01:52:00,55,0,0.55,95.9,14,Light
2025-09-14 01:53:00,67,0,0.67,95.3,10,Light
2025-09-14 01:54:00,54,0,0.54,96.4,18,Light
2025-09-14 01:55:00,56,0,0.56,97.1,26,Light
2025-09-14 01:56:00,54,0,0.54,97.1,31,Light
2025-09-14 01:57:00,49,0,0.49,97.1,10,Light
2025-09-14 01:58:00,60,0,0.6,95.9,12,Light
2025-09-14 01:59:00,58,0,0.58,97.6,24,Light
2025-09-14 02:00:00,58,0,0.58,97.2,35,Light
2025-09-14 02:01:00,50,0,0.5,97.6,30,Light
2025-09-14 02:02:00,62,0,0.62,95.5,35,Light
2025-09-14 02:03:00,47,0,0.47,97.2,32,Light
2025-09-14 02:04:00,57,0,0.57,96.0,39,Light
2025-09-14 02:05:00,65,0,0.65,96.7,19,Light
2025-09-14 02:06:00,50,0,0.5,97.4,17,Light
2025-09-14 02:07:00,52,0,0.52,97.1,21,Light
2025-09-14 02:08:00,55,0,0.55,96.3,34,Light
2025-09-14 02:09:00,52,0,0.52,97.0,31,Light
2025-09-14 02:10:00,47,0,0.47,95.8,24,Deep
2025-09-14 02:11:00,55,0,0.55,97.9,36,Deep
2025-09-14 02:12:00,49,0,0.49,96.8,18,Deep
2025-09-14 02:13:00,57,0,0.57,97.9,33,Deep
2025-09-14 02:14:00,50,0,0.5,96.6,34,Deep
2025-09-14 02:15:00,62,0,0.62,96.6,19,Deep
2025-09-14 02:16:00,51,0,0.51,96.4,29,Deep
2025-09-14 02:17:00,53,0,0.53,97.7,18,Deep
2025-09-14 02:18:00,59,0,0.59,96.4,24,Deep
2025-09-14 02:19:00,48,0,0.48,97.5,32,Deep
2025-09-14 02:20:00,56,0,0.56,96.7,30,Deep
2025-09-14 02:21:00,61,0,0.61,95.4,30,Deep
2025-09-14 02:22:00,46,0,0.46,96.5,10,Deep
2025-09-14 02:23:00,55,0,0.55,96.1,11,Deep
2025-09-14 02:24:00,56,0,0.56,97.0,35,Deep
2025-09-14 02:25:00,58,0,0.58,96.0,28,Deep
2025-09-14 02:26:00,48,0,0.48,97.7,39,Deep
2025-09-14 02:27:00,48,0,0.48,96.9,23,Deep
2025-09-14 02:28:00,57,0,0.57,96.9,17,Deep
2025-09-14 02:29:00,56,0,0.56,97.5,15,Deep
2025-09-14 02:30:00,56,0,0.56,97.8,21,REM
2025-09-14 02:31:00,56,0,0.56,97.0,35,REM
2025-09-14 02:32:00,51,0,0.51,96.4,36,REM
2025-09-14 02:33:00,56,0,0.56,95.6,38,REM
2025-09-14 02:34:00,56,0,0.56,96.5,24,REM
2025-09-14 02:35:00,51,0,0.51,96.5,23,REM
2025-09-14 02:36:00,64,0,0.64,97.1,30,REM
2025-09-14 02:37:00,57,0,0.57,96.7,38,REM
2025-09-14 02:38:00,49,0,0.49,97.6,10,REM
2025-09-14 02:39:00,58,0,0.58,96.5,37,REM
2025-09-14 02:40:00,50,0,0.5,97.0,20,REM
2025-09-14 02:41:00,58,0,0.58,97.9,37,REM
2025-09-14 02:42:00,60,0,0.6,97.3,34,REM
2025-09-14 02:43:00,50,0,0.5,97.0,12,REM
2025-09-14 02:44:00,59,0,0.59,96.5,28,REM
2025-09-14 02:45:00,57,0,0.57,96.5,27,Light
2025-09-14 02:46:00,59,0,0.59,96.3,29,Light
2025-09-14 02:47:00,64,0,0.64,96.6,37,Light
2025-09-14 02:48:00,53,0,0.53,97.6,11,Light
2025-09-14 02:49:00,51,0,0.51,96.8,38,Light
2025-09-14 02:50:00,50,0,0.5,95.9,34,Light
2025-09-14 02:51:00,50,0,0.5,98.4,37,Light
2025-09-14 02:52:00,54,0,0.54,97.3,35,Light
2025-09-14 02:53:00,56,0,0.56,95.9,16,Light
2025-09-14 02:54:00,56,0,0.56,96.6,17,Light
2025-09-14 02:55:00,59,0,0.59,97.1,28,Light
2025-09-14 02:56:00,55,0,0.55,98.4,31,Light
2025-09-14 02:57:00,62,0,0.62,96.1,24,Light
2025-09-14 02:58:00,53,0,0.53,97.8,19,Light
2025-09-14 02:59:00,68,0,0.68,98.1,31,Light
2025-09-14 03:00:00,58,0,0.58,96.5,38,Light
2025-09-14 03:01:00,50,0,0.5,96.8,10,Light
2025-09-14 03:02:00,49,0,0.49,96.2,15,Light
2025-09-14 03:03:00,57,0,0.57,96.8,22,Light
2025-09-14 03:04:00,53,0,0.53,97.0,23,Light
2025-09-14 03:05:00,58,0,0.58,97.5,12,Light
2025-09-14 03:06:00,57,0,0.57,97.9,20,Light
2025-09-14 03:07:00,54,0,0.54,96.4,12,Light
2025-09-14 03:08:00,50,0,0.5,95.4,28,Light
2025-09-14 03:09:00,47,0,0.47,97.0,19,Light
2025-09-14 03:10:00,52,0,0.52,97.2,36,Light
2025-09-14 03:11:00,59,0,0.59,97.2,24,Light
2025-09-14 03:12:00,56,0,0.56,96.7,20,Light
2025-09-14 03:13:00,48,0,0.48,97.1,24,Light
2025-09-14 03:14:00,55,0,0.55,98.2,35,Light
2025-09-14 03:15:00,56,0,0.56,97.3,36,Light
2025-09-14 03:16:00,50,0,0.5,96.7,33,Light
2025-09-14 03:17:00,55,0,0.55,96.6,22,Light
2025-09-14 03:18:00,55,0,0.55,96.9,14,Light
2025-09-14 03:19:00,49,0,0.49,98.3,13,Light
2025-09-14 03:20:00,56,0,0.56,96.9,22,Light
2025-09-14 03:21:00,57,0,0.57,97.0,18,Light
2025-09-14 03:22:00,60,0,0.6,96.6,34,Light
2025-09-14 03:23:00,60,0,0.6,97.9,26,Light
2025-09-14 03:24:00,48,0,0.48,98.6,11,Light
2025-09-14 03:25:00,50,0,0.5,97.4,33,Light
2025-09-14 03:26:00,57,0,0.57,97.1,14,Light
2025-09-14 03:27:00,57,0,0.57,97.0,25,Light
2025-09-14 03:28:00,57,0,0.57,95.1,16,Light
2025-09-14 03:29:00,74,0,0.74,97.6,10,Light
2025-09-14 03:30:00,57,0,0.57,97.1,37,Light
2025-09-14 03:31:00,60,0,0.6,97.3,35,Light
2025-09-14 03:32:00,59,0,0.59,96.4,21,Light
2025-09-14 03:33:00,58,0,0.58,96.7,30,Light
2025-09-14 03:34:00,53,0,0.53,96.7,20,Light
2025-09-14 03:35:00,58,0,0.58,97.8,21,Light
2025-09-14 03:36:00,51,0,0.51,96.7,28,Light
2025-09-14 03:37:00,53,0,0.53,98.7,35,Light
2025-09-14 03:38:00,52,0,0.52,97.3,21,Light
2025-09-14 03:39:00,55,0,0.55,96.0,21,Light
2025-09-14 03:40:00,66,0,0.66,96.9,23,Deep
2025-09-14 03:41:00,45,0,0.45,96.5,11,Deep
2025-09-14 03:42:00,58,0,0.58,95.2,11,Deep
2025-09-14 03:43:00,46,0,0.46,98.3,34,Deep
2025-09-14 03:44:00,52,0,0.52,97.6,38,Deep
2025-09-14 03:45:00,60,0,0.6,97.4,13,Deep
2025-09-14 03:46:00,55,0,0.55,97.1,29,Deep
2025-09-14 03:47:00,49,0,0.49,95.9,32,Deep
2025-09-14 03:48:00,51,0,0.51,96.6,35,Deep
2025-09-14 03:49:00,58,0,0.58,97.7,25,Deep
2025-09-14 03:50:00,51,0,0.51,96.2,19,Deep
2025-09-14 03:51:00,56,0,0.56,95.0,22,Deep
2025-09-14 03:52:00,55,0,0.55,96.8,11,Deep
2025-09-14 03:53:00,51,0,0.51,96.9,12,Deep
2025-09-14 03:54:00,65,0,0.65,97.1,28,Deep
2025-09-14 03:55:00,58,0,0.58,97.6,15,Deep
2025-09-14 03:56:00,45,0,0.45,97.5,28,Deep
2025-09-14 03:57:00,55,0,0.55,97.2,36,Deep
2025-09-14 03:58:00,51,0,0.51,98.0,30,Deep
2025-09-14 03:59:00,59,0,0.59,95.8,29,Deep
2025-09-14 04:00:00,51,0,0.51,97.4,28,REM
2025-09-14 04:01:00,54,0,0.54,97.5,17,REM
2025-09-14 04:02:00,57,0,0.57,96.0,23,REM
2025-09-14 04:03:00,59,0,0.59,95.8,19,REM
2025-09-14 04:04:00,48,0,0.48,96.4,12,REM
2025-09-14 04:05:00,53,0,0.53,96.5,15,REM
2025-09-14 04:06:00,52,0,0.52,97.6,38,REM
2025-09-14 04:07:00,51,0,0.51,96.5,24,REM
2025-09-14 04:08:00,63,0,0.63,96.3,32,REM
2025-09-14 04:09:00,57,0,0.57,96.5,32,REM
2025-09-14 04:10:00,48,0,0.48,97.9,27,REM
2025-09-14 04:11:00,59,0,0.59,97.0,23,REM
2025-09-14 04:12:00,65,0,0.65,96.9,28,REM
2025-09-14 04:13:00,60,0,0.6,96.9,37,REM
2025-09-14 04:14:00,47,0,0.47,98.0,35,REM
2025-09-14 04:15:00,52,0,0.52,96.4,19,Light
2025-09-14 04:16:00,61,0,0.61,98.1,24,Light
2025-09-14 04:17:00,51,0,0.51,97.2,13,Light
2025-09-14 04:18:00,57,0,0.57,96.9,32,Light
2025-09-14 04:19:00,58,0,0.58,99.0,11,Light
2025-09-14 04:20:00,50,0,0.5,96.2,12,Light
2025-09-14 04:21:00,54,0,0.54,96.7,16,Light
2025-09-14 04:22:00,45,0,0.45,96.0,32,Light
2025-09-14 04:23:00,49,0,0.49,97.8,25,Light
2025-09-14 04:24:00,53,0,0.53,98.4,19,Light
2025-09-14 04:25:00,48,0,0.48,98.3,28,Light
2025-09-14 04:26:00,63,0,0.63,98.0,37,Light
2025-09-14 04:27:00,47,0,0.47,96.8,26,Light
2025-09-14 04:28:00,52,0,0.52,96.7,37,Light
2025-09-14 04:29:00,55,0,0.55,95.7,28,Light
2025-09-14 04:30:00,62,0,0.62,98.6,14,Light
2025-09-14 04:31:00,47,0,0.47,97.4,32,Light
2025-09-14 04:32:00,60,0,0.6,96.6,29,Light
2025-09-14 04:33:00,55,0,0.55,98.1,22,Light
2025-09-14 04:34:00,50,0,0.5,96.2,22,Light
2025-09-14 04:35:00,57,0,0.57,97.3,20,Light
2025-09-14 04:36:00,55,0,0.55,96.9,20,Light
2025-09-14 04:37:00,51,0,0.51,97.5,25,Light
2025-09-14 04:38:00,55,0,0.55,96.9,24,Light
2025-09-14 04:39:00,53,0,0.53,95.8,26,Light
2025-09-14 04:40:00,55,0,0.55,97.1,31,Light
2025-09-14 04:41:00,58,0,0.58,97.8,27,Light
2025-09-14 04:42:00,62,0,0.62,97.0,37,Light
2025-09-14 04:43:00,48,0,0.48,97.6,28,Light
2025-09-14 04:44:00,65,0,0.65,96.2,13,Light
2025-09-14 04:45:00,45,0,0.45,97.0,31,Light
2025-09-14 04:46:00,54,0,0.54,96.5,31,Light
2025-09-14 04:47:00,57,0,0.57,97.6,32,Light
2025-09-14 04:48:00,56,0,0.56,97.0,14,Light
2025-09-14 04:49:00,51,0,0.51,97.6,16,Light
2025-09-14 04:50:00,53,0,0.53,97.9,11,Light
2025-09-14 04:51:00,52,0,0.52,97.6,10,Light
2025-09-14 04:52:00,52,0,0.52,97.2,21,Light
2025-09-14 04:53:00,59,0,0.59,96.2,19,Light
2025-09-14 04:54:00,56,0,0.56,97.0,17,Light
2025-09-14 04:55:00,51,0,0.51,96.6,10,Light
2025-09-14 04:56:00,59,0,0.59,96.7,21,Light
2025-09-14 04:57:00,56,0,0.56,96.7,11,Light
2025-09-14 04:58:00,59,0,0.59,96.2,36,Light
2025-09-14 04:59:00,58,0,0.58,95.4,37,Light
2025-09-14 05:00:00,50,0,0.5,96.5,19,Light
2025-09-14 05:01:00,52,0,0.52,97.2,31,Light
2025-09-14 05:02:00,58,0,0.58,95.9,26,Light
2025-09-14 05:03:00,58,0,0.58,97.0,35,Light
2025-09-14 05:04:00,54,0,0.54,98.5,12,Light
2025-09-14 05:05:00,55,0,0.55,97.8,16,Light
2025-09-14 05:06:00,61,0,0.61,98.3,21,Light
2025-09-14 05:07:00,52,0,0.52,97.3,17,Light
2025-09-14 05:08:00,57,0,0.57,97.9,29,Light
2025-09-14 05:09:00,53,0,0.53,96.4,21,Light
2025-09-14 05:10:00,53,0,0.53,96.5,12,Deep
2025-09-14 05:11:00,60,0,0.6,94.8,26,Deep
2025-09-14 05:12:00,59,0,0.59,97.9,37,Deep
2025-09-14 05:13:00,59,0,0.59,98.2,18,Deep
2025-09-14 05:14:00,61,0,0.61,96.6,19,Deep
2025-09-14 05:15:00,55,0,0.55,96.8,31,Deep
2025-09-14 05:16:00,58,0,0.58,96.4,15,Deep
2025-09-14 05:17:00,53,0,0.53,97.3,34,Deep
2025-09-14 05:18:00,56,0,0.56,97.9,10,Deep
2025-09-14 05:19:00,54,0,0.54,95.6,31,Deep
2025-09-14 05:20:00,55,0,0.55,97.3,21,Deep
2025-09-14 05:21:00,57,0,0.57,96.8,14,Deep
2025-09-14 05:22:00,50,0,0.5,97.1,22,Deep
2025-09-14 05:23:00,65,0,0.65,97.4,36,Deep
2025-09-14 05:24:00,49,0,0.49,96.8,24,Deep
2025-09-14 05:25:00,48,0,0.48,96.9,31,Deep
2025-09-14 05:26:00,60,0,0.6,96.8,39,Deep
2025-09-14 05:27:00,58,0,0.58,97.8,20,Deep
2025-09-14 05:28:00,58,0,0.58,97.3,17,Deep
2025-09-14 05:29:00,58,0,0.58,97.2,14,Deep
2025-09-14 05:30:00,54,0,0.54,96.0,11,REM
2025-09-14 05:31:00,50,0,0.5,96.7,21,REM
2025-09-14 05:32:00,55,0,0.55,97.7,37,REM
2025-09-14 05:33:00,51,0,0.51,97.0,11,REM
2025-09-14 05:34:00,59,0,0.59,97.5,35,REM
2025-09-14 05:35:00,54,0,0.54,98.4,25,REM
2025-09-14 05:36:00,50,0,0.5,97.8,30,REM
2025-09-14 05:37:00,53,0,0.53,97.1,12,REM
2025-09-14 05:38:00,57,0,0.57,96.6,19,REM
2025-09-14 05:39:00,52,0,0.52,95.0,28,REM
2025-09-14 05:40:00,50,0,0.5,96.9,17,REM
2025-09-14 05:41:00,56,0,0.56,96.7,16,REM
2025-09-14 05:42:00,56,0,0.56,97.3,10,REM
2025-09-14 05:43:00,52,0,0.52,96.9,21,REM
2025-09-14 05:44:00,52,0,0.52,96.7,38,REM
2025-09-14 05:45:00,56,0,0.56,95.6,37,Light
2025-09-14 05:46:00,47,0,0.47,96.2,14,Light
2025-09-14 05:47:00,47,0,0.47,97.4,25,Light
2025-09-14 05:48:00,51,0,0.51,98.4,34,Light
2025-09-14 05:49:00,53,0,0.53,96.9,13,Light
2025-09-14 05:50:00,56,0,0.56,97.3,26,Light
2025-09-14 05:51:00,62,0,0.62,97.8,33,Light
2025-09-14 05:52:00,59,0,0.59,96.4,30,Light
2025-09-14 05:53:00,54,0,0.54,97.3,11,Light
2025-09-14 05:54:00,54,0,0.54,96.4,21,Light
2025-09-14 05:55:00,49,0,0.49,97.7,10,Light
2025-09-14 05:56:00,54,0,0.54,97.1,39,Light
2025-09-14 05:57:00,53,0,0.53,97.2,21,Light
2025-09-14 05:58:00,56,0,0.56,96.4,21,Light
2025-09-14 05:59:00,50,0,0.5,97.6,21,Light
2025-09-14 06:00:00,57,0,0.57,98.7,28,Light
2025-09-14 06:01:00,62,0,0.62,96.2,34,Light
2025-09-14 06:02:00,54,0,0.54,96.7,26,Light
2025-09-14 06:03:00,57,0,0.57,97.2,29,Light
2025-09-14 06:04:00,58,0,0.58,97.6,33,Light
2025-09-14 06:05:00,52,0,0.52,96.6,33,Light
2025-09-14 06:06:00,56,0,0.56,94.7,35,Light
2025-09-14 06:07:00,55,0,0.55,98.1,37,Light
2025-09-14 06:08:00,55,0,0.55,97.6,20,Light
2025-09-14 06:09:00,51,0,0.51,95.6,22,Light
2025-09-14 06:10:00,55,0,0.55,96.5,36,Light
2025-09-14 06:11:00,57,0,0.57,98.3,17,Light
2025-09-14 06:12:00,62,0,0.62,98.2,19,Light
2025-09-14 06:13:00,59,0,0.59,97.8,17,Light
2025-09-14 06:14:00,65,0,0.65,96.9,29,Light
2025-09-14 06:15:00,51,0,0.51,97.1,17,Light
2025-09-14 06:16:00,59,0,0.59,96.9,18,Light
2025-09-14 06:17:00,55,0,0.55,97.9,16,Light
2025-09-14 06:18:00,65,0,0.65,96.3,23,Light
2025-09-14 06:19:00,50,0,0.5,96.4,37,Light
2025-09-14 06:20:00,50,0,0.5,97.8,11,Light
2025-09-14 06:21:00,52,0,0.52,97.0,34,Light
2025-09-14 06:22:00,45,0,0.45,98.1,20,Light
2025-09-14 06:23:00,52,0,0.52,96.5,17,Light
2025-09-14 06:24:00,51,0,0.51,97.0,22,Light
2025-09-14 06:25:00,55,0,0.55,96.3,30,Light
2025-09-14 06:26:00,56,0,0.56,97.0,24,Light
2025-09-14 06:27:00,64,0,0.64,95.8,37,Light
2025-09-14 06:28:00,59,0,0.59,96.6,12,Light
2025-09-14 06:29:00,52,0,0.52,95.9,32,Light
2025-09-14 06:30:00,50,0,0.5,97.6,23,Light
2025-09-14 06:31:00,57,0,0.57,97.6,39,Light
2025-09-14 06:32:00,48,0,0.48,95.6,24,Light
2025-09-14 06:33:00,64,0,0.64,98.1,11,Light
2025-09-14 06:34:00,60,0,0.6,99.0,38,Light
2025-09-14 06:35:00,52,0,0.52,97.0,28,Light
2025-09-14 06:36:00,46,0,0.46,96.5,21,Light
2025-09-14 06:37:00,61,0,0.61,99.3,34,Light
2025-09-14 06:38:00,54,0,0.54,95.9,29,Light
2025-09-14 06:39:00,61,0,0.61,97.0,13,Light
2025-09-14 06:40:00,47,0,0.47,97.1,12,Deep
2025-09-14 06:41:00,52,0,0.52,98.1,14,Deep
2025-09-14 06:42:00,55,0,0.55,97.3,12,Deep
2025-09-14 06:43:00,55,0,0.55,96.6,34,Deep
2025-09-14 06:44:00,52,0,0.52,96.2,24,Deep
2025-09-14 06:45:00,58,0,0.58,96.7,28,Deep
2025-09-14 06:46:00,49,0,0.49,96.2,11,Deep
2025-09-14 06:47:00,54,0,0.54,97.0,21,Deep
2025-09-14 06:48:00,55,0,0.55,96.5,14,Deep
2025-09-14 06:49:00,57,0,0.57,95.8,31,Deep
2025-09-14 06:50:00,58,0,0.58,98.0,26,Deep
2025-09-14 06:51:00,49,0,0.49,96.6,23,Deep
2025-09-14 06:52:00,47,0,0.47,96.0,37,Deep
2025-09-14 06:53:00,61,0,0.61,96.9,36,Deep
2025-09-14 06:54:00,56,0,0.56,97.1,31,Deep
2025-09-14 06:55:00,51,0,0.51,95.6,19,Deep
2025-09-14 06:56:00,62,0,0.62,97.3,12,Deep
2025-09-14 06:57:00,55,0,0.55,96.2,13,Deep
2025-09-14 06:58:00,60,0,0.6,98.4,15,Deep
2025-09-14 06:59:00,55,0,0.55,97.4,33,Deep
2025-09-14 07:00:00,105,129,6.21,96.7,34,Awake
2025-09-14 07:01:00,102,108,5.34,96.4,31,Awake
2025-09-14 07:02:00,82,93,4.54,96.9,25,Awake
2025-09-14 07:03:00,94,106,5.18,97.5,16,Awake
2025-09-14 07:04:00,91,131,6.15,97.0,24,Awake
2025-09-14 07:05:00,98,120,5.78,96.8,39,Awake
2025-09-14 07:06:00,75,128,5.87,97.0,30,Awake
2025-09-14 07:07:00,91,123,5.83,96.5,39,Awake
2025-09-14 07:08:00,95,113,5.47,96.7,37,Awake
2025-09-14 07:09:00,67,126,5.71,95.3,34,Awake
2025-09-14 07:10:00,73,124,5.69,97.8,29,Awake
2025-09-14 07:11:00,64,107,4.92,97.2,35,Awake
2025-09-14 07:12:00,82,103,4.94,96.4,20,Awake
2025-09-14 07:13:00,92,130,6.12,98.5,31,Awake
2025-09-14 07:14:00,100,122,5.88,97.1,30,Awake
2025-09-14 07:15:00,85,124,5.81,96.2,10,Awake
2025-09-14 07:16:00,101,115,5.61,97.7,14,Awake
2025-09-14 07:17:00,71,122,5.59,97.3,22,Awake
2025-09-14 07:18:00,67,129,5.83,97.3,30,Awake
2025-09-14 07:19:00,84,128,5.96,96.7,23,Awake
2025-09-14 07:20:00,88,147,6.76,97.4,18,Awake
2025-09-14 07:21:00,84,114,5.4,96.8,26,Awake
2025-09-14 07:22:00,64,114,5.2,97.4,24,Awake
2025-09-14 07:23:00,84,118,5.56,95.5,30,Awake
2025-09-14 07:24:00,71,135,6.11,96.7,16,Awake
2025-09-14 07:25:00,91,116,5.55,98.4,36,Awake
2025-09-14 07:26:00,88,126,5.92,96.4,31,Awake
2025-09-14 07:27:00,75,124,5.71,96.5,31,Awake
2025-09-14 07:28:00,79,130,5.99,96.6,21,Awake
2025-09-14 07:29:00,74,123,5.66,96.0,32,Awake
2025-09-14 07:30:00,84,125,5.84,95.2,15,Awake
2025-09-14 07:31:00,94,122,5.82,96.8,30,Awake
2025-09-14 07:32:00,75,122,5.63,97.1,25,Awake
2025-09-14 07:33:00,90,126,5.94,97.0,35,Awake
2025-09-14 07:34:00,79,112,5.27,96.9,14,Awake
2025-09-14 07:35:00,77,120,5.57,97.0,18,Awake
2025-09-14 07:36:00,83,97,4.71,97.8,23,Awake
2025-09-14 07:37:00,74,130,5.94,96.8,17,Awake
2025-09-14 07:38:00,79,130,5.99,96.5,23,Awake
2025-09-14 07:39:00,73,118,5.45,96.8,21,Awake
2025-09-14 07:40:00,104,114,5.6,97.5,19,Awake
2025-09-14 07:41:00,85,102,4.93,98.1,39,Awake
2025-09-14 07:42:00,78,123,5.7,96.5,29,Awake
2025-09-14 07:43:00,87,125,5.87,97.1,29,Awake
2025-09-14 07:44:00,83,124,5.79,97.3,35,Awake
2025-09-14 07:45:00,82,105,5.02,96.2,30,Awake
2025-09-14 07:46:00,91,132,6.19,97.0,22,Awake
2025-09-14 07:47:00,92,122,5.8,95.8,38,Awake
2025-09-14 07:48:00,79,109,5.15,95.6,28,Awake
2025-09-14 07:49:00,79,115,5.39,97.3,24,Awake
2025-09-14 07:50:00,82,112,5.3,96.7,17,Awake
2025-09-14 07:51:00,61,112,5.09,97.2,32,Awake
2025-09-14 07:52:00,69,134,6.05,97.0,30,Awake
2025-09-14 07:53:00,98,109,5.34,96.2,19,Awake
2025-09-14 07:54:00,101,119,5.77,97.0,12,Awake
2025-09-14 07:55:00,82,106,5.06,96.0,30,Awake
2025-09-14 07:56:00,90,128,6.02,98.1,12,Awake
2025-09-14 07:57:00,88,118,5.6,95.9,35,Awake
2025-09-14 07:58:00,115,129,6.31,96.8,14,Awake
2025-09-14 07:59:00,96,123,5.88,96.2,25,Awake
2025-09-14 08:00:00,83,128,5.95,97.5,26,Awake
2025-09-14 08:01:00,75,147,6.63,96.7,15,Awake
2025-09-14 08:02:00,68,97,4.56,96.6,35,Awake
2025-09-14 08:03:00,87,112,5.35,97.7,29,Awake
2025-09-14 08:04:00,77,137,6.25,97.0,29,Awake
2025-09-14 08:05:00,70,112,5.18,97.4,25,Awake
2025-09-14 08:06:00,78,118,5.5,96.2,33,Awake
2025-09-14 08:07:00,74,99,4.7,95.9,11,Awake
2025-09-14 08:08:00,101,88,4.53,97.1,29,Awake
2025-09-14 08:09:00,93,137,6.41,96.7,24,Awake
2025-09-14 08:10:00,84,121,5.68,97.5,27,Awake
2025-09-14 08:11:00,99,115,5.59,96.9,10,Awake
2025-09-14 08:12:00,85,141,6.49,97.2,35,Awake
2025-09-14 08:13:00,76,117,5.44,95.7,38,Awake
2025-09-14 08:14:00,100,112,5.48,98.5,38,Awake
2025-09-14 08:15:00,90,109,5.26,96.9,28,Awake
2025-09-14 08:16:00,74,119,5.5,97.6,21,Awake
2025-09-14 08:17:00,83,123,5.75,96.3,17,Awake
2025-09-14 08:18:00,76,104,4.92,97.2,15,Awake
2025-09-14 08:19:00,71,110,5.11,96.0,21,Awake
2025-09-14 08:20:00,94,133,6.26,97.4,16,Awake
2025-09-14 08:21:00,104,121,5.88,96.7,27,Awake
2025-09-14 08:22:00,71,134,6.07,97.0,31,Awake
2025-09-14 08:23:00,90,99,4.86,97.6,23,Awake
2025-09-14 08:24:00,78,121,5.62,96.0,17,Awake
2025-09-14 08:25:00,80,119,5.56,96.5,33,Awake
2025-09-14 08:26:00,79,133,6.11,97.4,29,Awake
2025-09-14 08:27:00,76,119,5.52,98.7,31,Awake
2025-09-14 08:28:00,85,125,5.85,96.9,23,Awake
2025-09-14 08:29:00,76,98,4.68,97.5,14,Awake
2025-09-14 08:30:00,87,131,6.11,96.9,18,Awake
2025-09-14 08:31:00,84,109,5.2,98.6,17,Awake
2025-09-14 08:32:00,82,108,5.14,95.6,11,Awake
2025-09-14 08:33:00,75,129,5.91,97.1,37,Awake
2025-09-14 08:34:00,79,110,5.19,95.7,25,Awake
2025-09-14 08:35:00,92,135,6.32,95.0,22,Awake
2025-09-14 08:36:00,90,111,5.34,97.2,16,Awake
2025-09-14 08:37:00,75,84,4.11,97.1,25,Awake
2025-09-14 08:38:00,85,119,5.61,96.8,16,Awake
2025-09-14 08:39:00,92,121,5.76,96.9,36,Awake
2025-09-14 08:40:00,68,104,4.84,99.5,23,Awake
2025-09-14 08:41:00,90,132,6.18,96.8,23,Awake
2025-09-14 08:42:00,78,110,5.18,97.4,21,Awake
2025-09-14 08:43:00,90,113,5.42,96.5,10,Awake
2025-09-14 08:44:00,77,122,5.65,97.2,10,Awake
2025-09-14 08:45:00,66,130,5.86,96.8,21,Awake
2025-09-14 08:46:00,68,138,6.2,96.7,29,Awake
2025-09-14 08:47:00,85,107,5.13,98.5,30,Awake
2025-09-14 08:48:00,87,130,6.07,97.9,24,Awake
2025-09-14 08:49:00,75,133,6.07,97.1,13,Awake
2025-09-14 08:50:00,91,106,5.15,95.2,16,Awake
2025-09-14 08:51:00,68,109,5.04,96.7,25,Awake
2025-09-14 08:52:00,84,125,5.84,99.2,12,Awake
2025-09-14 08:53:00,72,118,5.44,96.8,16,Awake
2025-09-14 08:54:00,78,131,6.02,97.9,38,Awake
2025-09-14 08:55:00,85,124,5.81,98.2,33,Awake
2025-09-14 08:56:00,76,135,6.16,97.2,31,Awake
2025-09-14 08:57:00,81,108,5.13,96.3,15,Awake
2025-09-14 08:58:00,95,122,5.83,95.1,25,Awake
2025-09-14 08:59:00,79,127,5.87,97.5,33,Awake
2025-09-14 09:00:00,83,5,1.03,96.3,79,Awake
2025-09-14 09:01:00,63,7,0.91,97.1,62,Awake
2025-09-14 09:02:00,80,4,0.96,96.0,77,Awake
2025-09-14 09:03:00,89,3,1.01,96.8,49,Awake
2025-09-14 09:04:00,50,8,0.82,97.0,55,Awake
2025-09-14 09:05:00,67,4,0.83,97.2,50,Awake
2025-09-14 09:06:00,80,7,1.08,96.1,71,Awake
2025-09-14 09:07:00,72,2,0.8,98.0,45,Awake
2025-09-14 09:08:00,78,10,1.18,96.5,63,Awake
2025-09-14 09:09:00,68,6,0.92,95.7,72,Awake
2025-09-14 09:10:00,75,4,0.91,96.9,51,Awake
2025-09-14 09:11:00,73,5,0.93,97.0,66,Awake
2025-09-14 09:12:00,86,6,1.1,97.1,77,Awake
2025-09-14 09:13:00,77,4,0.93,98.1,57,Awake
2025-09-14 09:14:00,78,5,0.98,96.8,78,Awake
2025-09-14 09:15:00,70,6,0.94,96.9,52,Awake
2025-09-14 09:16:00,70,3,0.82,96.1,79,Awake
2025-09-14 09:17:00,70,7,0.98,97.7,69,Awake
2025-09-14 09:18:00,78,7,1.06,97.1,52,Awake
2025-09-14 09:19:00,70,8,1.02,96.7,73,Awake
2025-09-14 09:20:00,77,4,0.93,95.5,75,Awake
2025-09-14 09:21:00,95,7,1.23,98.2,69,Awake
2025-09-14 09:22:00,83,3,0.95,96.0,64,Awake
2025-09-14 09:23:00,71,4,0.87,96.5,41,Awake
2025-09-14 09:24:00,87,4,1.03,97.3,75,Awake
2025-09-14 09:25:00,70,0,0.7,96.0,57,Awake
2025-09-14 09:26:00,54,1,0.58,95.8,44,Awake
2025-09-14 09:27:00,64,1,0.68,95.3,58,Awake
2025-09-14 09:28:00,56,7,0.84,97.6,57,Awake
2025-09-14 09:29:00,71,5,0.91,96.6,71,Awake
2025-09-14 09:30:00,75,5,0.95,99.3,60,Awake
2025-09-14 09:31:00,91,8,1.23,96.2,49,Awake
2025-09-14 09:32:00,78,3,0.9,96.3,76,Awake
2025-09-14 09:33:00,72,5,0.92,96.5,61,Awake
2025-09-14 09:34:00,83,3,0.95,97.2,52,Awake
2025-09-14 09:35:00,52,5,0.72,96.6,56,Awake
2025-09-14 09:36:00,77,1,0.81,97.5,48,Awake
2025-09-14 09:37:00,82,7,1.1,96.2,63,Awake
2025-09-14 09:38:00,60,2,0.68,95.9,53,Awake
2025-09-14 09:39:00,86,4,1.02,95.6,47,Awake
2025-09-14 09:40:00,78,6,1.02,95.2,76,Awake
2025-09-14 09:41:00,70,7,0.98,96.6,58,Awake
2025-09-14 09:42:00,81,9,1.17,96.8,67,Awake
2025-09-14 09:43:00,97,4,1.13,96.5,69,Awake
2025-09-14 09:44:00,76,1,0.8,98.0,46,Awake
2025-09-14 09:45:00,77,4,0.93,98.0,65,Awake
2025-09-14 09:46:00,70,6,0.94,96.7,79,Awake
2025-09-14 09:47:00,66,3,0.78,95.6,50,Awake
2025-09-14 09:48:00,83,4,0.99,96.5,53,Awake
2025-09-14 09:49:00,66,2,0.74,96.5,60,Awake
2025-09-14 09:50:00,75,6,0.99,96.5,47,Awake
2025-09-14 09:51:00,70,8,1.02,96.4,42,Awake
2025-09-14 09:52:00,79,7,1.07,96.5,67,Awake
2025-09-14 09:53:00,78,2,0.86,96.7,68,Awake
2025-09-14 09:54:00,85,6,1.09,96.5,62,Awake
2025-09-14 09:55:00,69,9,1.05,97.2,57,Awake
2025-09-14 09:56:00,72,3,0.84,97.3,74,Awake
2025-09-14 09:57:00,65,8,0.97,96.3,52,Awake
2025-09-14 09:58:00,70,7,0.98,98.0,51,Awake
2025-09-14 09:59:00,78,6,1.02,96.2,44,Awake
2025-09-14 10:00:00,82,10,1.22,95.7,78,Awake
2025-09-14 10:01:00,65,5,0.85,97.3,50,Awake
2025-09-14 10:02:00,83,5,1.03,96.3,50,Awake
2025-09-14 10:03:00,88,5,1.08,97.3,70,Awake
2025-09-14 10:04:00,79,5,0.99,95.1,70,Awake
2025-09-14 10:05:00,93,4,1.09,98.1,52,Awake
2025-09-14 10:06:00,67,10,1.07,97.5,53,Awake
2025-09-14 10:07:00,62,3,0.74,95.8,64,Awake
2025-09-14 10:08:00,57,2,0.65,95.8,72,Awake
2025-09-14 10:09:00,89,6,1.13,98.3,72,Awake
2025-09-14 10:10:00,81,4,0.97,96.4,54,Awake
2025-09-14 10:11:00,74,4,0.9,96.3,55,Awake
2025-09-14 10:12:00,77,8,1.09,95.2,77,Awake
2025-09-14 10:13:00,63,5,0.83,96.7,45,Awake
2025-09-14 10:14:00,99,4,1.15,96.8,64,Awake
2025-09-14 10:15:00,76,7,1.04,97.6,54,Awake
2025-09-14 10:16:00,76,4,0.92,95.9,43,Awake
2025-09-14 10:17:00,82,2,0.9,95.8,43,Awake
2025-09-14 10:18:00,79,2,0.87,97.4,69,Awake
2025-09-14 10:19:00,77,3,0.89,97.8,73,Awake
2025-09-14 10:20:00,67,3,0.79,95.7,66,Awake
2025-09-14 10:21:00,79,8,1.11,97.9,70,Awake
2025-09-14 10:22:00,93,6,1.17,97.0,71,Awake
2025-09-14 10:23:00,88,0,0.88,97.9,78,Awake
2025-09-14 10:24:00,90,8,1.22,96.9,48,Awake
2025-09-14 10:25:00,69,5,0.89,95.0,47,Awake
2025-09-14 10:26:00,65,4,0.81,96.9,53,Awake
2025-09-14 10:27:00,73,5,0.93,97.8,72,Awake
2025-09-14 10:28:00,75,7,1.03,96.3,62,Awake
2025-09-14 10:29:00,85,6,1.09,96.7,60,Awake
2025-09-14 10:30:00,58,3,0.7,96.9,51,Awake
2025-09-14 10:31:00,90,4,1.06,94.7,41,Awake
2025-09-14 10:32:00,73,2,0.81,98.3,52,Awake
2025-09-14 10:33:00,70,4,0.86,96.3,43,Awake
2025-09-14 10:34:00,64,1,0.68,97.4,59,Awake
2025-09-14 10:35:00,58,9,0.94,96.9,53,Awake
2025-09-14 10:36:00,83,3,0.95,98.0,69,Awake
2025-09-14 10:37:00,75,1,0.79,97.3,68,Awake
2025-09-14 10:38:00,62,5,0.82,96.8,47,Awake
2025-09-14 10:39:00,62,4,0.78,96.3,51,Awake
2025-09-14 10:40:00,71,6,0.95,97.6,77,Awake
2025-09-14 10:41:00,91,5,1.11,95.5,65,Awake
2025-09-14 10:42:00,72,8,1.04,97.5,41,Awake
2025-09-14 10:43:00,59,5,0.79,96.1,79,Awake
2025-09-14 10:44:00,72,7,1.0,98.0,53,Awake
2025-09-14 10:45:00,72,4,0.88,97.1,45,Awake
2025-09-14 10:46:00,48,1,0.52,97.5,79,Awake
2025-09-14 10:47:00,74,5,0.94,97.1,70,Awake
2025-09-14 10:48:00,72,4,0.88,95.6,56,Awake
2025-09-14 10:49:00,81,3,0.93,96.3,64,Awake
2025-09-14 10:50:00,93,2,1.01,97.5,71,Awake
2025-09-14 10:51:00,86,12,1.34,97.1,51,Awake
2025-09-14 10:52:00,72,5,0.92,97.9,52,Awake
2025-09-14 10:53:00,63,10,1.03,97.3,58,Awake
2025-09-14 10:54:00,100,6,1.24,96.2,64,Awake
2025-09-14 10:55:00,75,1,0.79,96.4,70,Awake
2025-09-14 10:56:00,75,6,0.99,97.1,76,Awake
2025-09-14 10:57:00,74,2,0.82,95.1,64,Awake
2025-09-14 10:58:00,76,4,0.92,98.3,55,Awake
2025-09-14 10:59:00,73,5,0.93,97.4,77,Awake
2025-09-14 11:00:00,69,8,1.01,98.0,62,Awake
2025-09-14 11:01:00,69,4,0.85,95.7,53,Awake
2025-09-14 11:02:00,74,2,0.82,98.0,45,Awake
2025-09-14 11:03:00,69,1,0.73,98.8,64,Awake
2025-09-14 11:04:00,67,8,0.99,95.9,62,Awake
2025-09-14 11:05:00,76,8,1.08,97.6,51,Awake
2025-09-14 11:06:00,72,4,0.88,97.0,52,Awake
2025-09-14 11:07:00,90,1,0.94,95.8,75,Awake
2025-09-14 11:08:00,48,9,0.84,97.4,78,Awake
2025-09-14 11:09:00,85,4,1.01,97.7,73,Awake
2025-09-14 11:10:00,87,2,0.95,96.5,45,Awake
2025-09-14 11:11:00,54,4,0.7,97.9,77,Awake
2025-09-14 11:12:00,71,3,0.83,95.7,79,Awake
2025-09-14 11:13:00,71,8,1.03,95.8,47,Awake
2025-09-14 11:14:00,60,9,0.96,97.1,47,Awake
2025-09-14 11:15:00,67,4,0.83,97.0,79,Awake
2025-09-14 11:16:00,63,4,0.79,96.4,72,Awake
2025-09-14 11:17:00,92,5,1.12,97.6,73,Awake
2025-09-14 11:18:00,84,11,1.28,97.4,54,Awake
2025-09-14 11:19:00,87,8,1.19,97.7,75,Awake
2025-09-14 11:20:00,82,6,1.06,96.9,74,Awake
2025-09-14 11:21:00,63,2,0.71,97.5,61,Awake
2025-09-14 11:22:00,69,8,1.01,96.6,62,Awake
2025-09-14 11:23:00,79,7,1.07,98.6,79,Awake
2025-09-14 11:24:00,62,6,0.86,96.3,61,Awake
2025-09-14 11:25:00,82,5,1.02,98.7,44,Awake
2025-09-14 11:26:00,72,3,0.84,97.0,70,Awake
2025-09-14 11:27:00,71,5,0.91,95.9,52,Awake
2025-09-14 11:28:00,82,3,0.94,98.1,67,Awake
2025-09-14 11:29:00,79,3,0.91,97.1,59,Awake
2025-09-14 11:30:00,71,7,0.99,97.7,72,Awake
2025-09-14 11:31:00,86,4,1.02,98.0,55,Awake
2025-09-14 11:32:00,64,4,0.8,97.3,68,Awake
2025-09-14 11:33:00,81,6,1.05,96.5,62,Awake
2025-09-14 11:34:00,80,6,1.04,97.8,63,Awake
2025-09-14 11:35:00,71,3,0.83,97.0,73,Awake
2025-09-14 11:36:00,78,4,0.94,97.5,46,Awake
2025-09-14 11:37:00,62,6,0.86,95.3,77,Awake
2025-09-14 11:38:00,84,6,1.08,97.4,76,Awake
2025-09-14 11:39:00,73,6,0.97,96.5,43,Awake
2025-09-14 11:40:00,69,6,0.93,98.3,73,Awake
2025-09-14 11:41:00,85,3,0.97,97.5,61,Awake
2025-09-14 11:42:00,67,5,0.87,97.2,44,Awake
2025-09-14 11:43:00,60,2,0.68,97.4,62,Awake
2025-09-14 11:44:00,59,5,0.79,96.2,54,Awake
2025-09-14 11:45:00,81,3,0.93,98.3,70,Awake
2025-09-14 11:46:00,62,3,0.74,98.6,48,Awake
2025-09-14 11:47:00,92,5,1.12,97.3,64,Awake
2025-09-14 11:48:00,54,11,0.98,98.3,64,Awake
2025-09-14 11:49:00,91,7,1.19,96.5,60,Awake
2025-09-14 11:50:00,77,7,1.05,96.4,48,Awake
2025-09-14 11:51:00,74,4,0.9,97.0,77,Awake
2025-09-14 11:52:00,69,1,0.73,97.3,61,Awake
2025-09-14 11:53:00,78,4,0.94,96.7,62,Awake
2025-09-14 11:54:00,74,5,0.94,97.4,43,Awake
2025-09-14 11:55:00,86,4,1.02,97.2,68,Awake
2025-09-14 11:56:00,76,4,0.92,96.2,54,Awake
2025-09-14 11:57:00,76,7,1.04,97.4,40,Awake
2025-09-14 11:58:00,71,6,0.95,97.7,69,Awake
2025-09-14 11:59:00,74,8,1.06,97.1,68,Awake
2025-09-14 12:00:00,78,4,0.94,97.9,59,Awake
2025-09-14 12:01:00,57,3,0.69,96.0,72,Awake
2025-09-14 12:02:00,61,0,0.61,97.4,75,Awake
2025-09-14 12:03:00,82,4,0.98,96.1,61,Awake
2025-09-14 12:04:00,76,1,0.8,96.1,52,Awake
2025-09-14 12:05:00,73,4,0.89,96.5,46,Awake
2025-09-14 12:06:00,75,3,0.87,96.2,47,Awake
2025-09-14 12:07:00,78,5,0.98,96.6,67,Awake
2025-09-14 12:08:00,69,6,0.93,96.8,48,Awake
2025-09-14 12:09:00,67,6,0.91,97.7,64,Awake
2025-09-14 12:10:00,76,4,0.92,96.7,55,Awake
2025-09-14 12:11:00,65,4,0.81,95.7,49,Awake
2025-09-14 12:12:00,79,5,0.99,97.9,50,Awake
2025-09-14 12:13:00,57,1,0.61,96.3,70,Awake
2025-09-14 12:14:00,85,9,1.21,97.0,51,Awake
2025-09-14 12:15:00,79,7,1.07,97.4,70,Awake
2025-09-14 12:16:00,77,5,0.97,97.2,53,Awake
2025-09-14 12:17:00,84,4,1.0,97.9,71,Awake
2025-09-14 12:18:00,91,5,1.11,97.4,56,Awake
2025-09-14 12:19:00,85,4,1.01,96.3,74,Awake
2025-09-14 12:20:00,56,1,0.6,98.7,40,Awake
2025-09-14 12:21:00,62,3,0.74,97.2,68,Awake
2025-09-14 12:22:00,68,7,0.96,96.9,43,Awake
2025-09-14 12:23:00,75,6,0.99,97.8,62,Awake
2025-09-14 12:24:00,80,10,1.2,97.2,67,Awake
2025-09-14 12:25:00,67,4,0.83,97.3,55,Awake
2025-09-14 12:26:00,76,5,0.96,99.0,51,Awake
2025-09-14 12:27:00,67,6,0.91,96.8,60,Awake
2025-09-14 12:28:00,68,6,0.92,96.7,56,Awake
2025-09-14 12:29:00,60,8,0.92,97.1,79,Awake
2025-09-14 12:30:00,65,4,0.81,97.9,52,Awake
2025-09-14 12:31:00,61,3,0.73,95.8,71,Awake
2025-09-14 12:32:00,65,3,0.77,95.4,76,Awake
2025-09-14 12:33:00,85,9,1.21,96.5,54,Awake
2025-09-14 12:34:00,65,7,0.93,95.7,51,Awake
2025-09-14 12:35:00,101,2,1.09,96.7,54,Awake
2025-09-14 12:36:00,79,2,0.87,97.4,73,Awake
2025-09-14 12:37:00,76,4,0.92,96.3,45,Awake
2025-09-14 12:38:00,66,6,0.9,95.9,56,Awake
2025-09-14 12:39:00,82,9,1.18,97.1,59,Awake
2025-09-14 12:40:00,69,11,1.13,97.7,48,Awake
2025-09-14 12:41:00,76,4,0.92,95.6,44,Awake
2025-09-14 12:42:00,100,7,1.28,97.7,62,Awake
2025-09-14 12:43:00,74,7,1.02,97.7,72,Awake
2025-09-14 12:44:00,86,3,0.98,97.8,77,Awake
2025-09-14 12:45:00,67,7,0.95,98.0,53,Awake
2025-09-14 12:46:00,74,5,0.94,98.8,56,Awake
2025-09-14 12:47:00,92,2,1.0,96.7,58,Awake
2025-09-14 12:48:00,68,9,1.04,97.1,72,Awake
2025-09-14 12:49:00,93,6,1.17,96.7,40,Awake
2025-09-14 12:50:00,82,3,0.94,97.0,52,Awake
2025-09-14 12:51:00,69,6,0.93,98.2,66,Awake
2025-09-14 12:52:00,81,3,0.93,95.9,45,Awake
2025-09-14 12:53:00,84,2,0.92,96.3,45,Awake
2025-09-14 12:54:00,81,8,1.13,98.1,72,Awake
2025-09-14 12:55:00,59,4,0.75,97.8,69,Awake
2025-09-14 12:56:00,67,5,0.87,96.7,74,Awake
2025-09-14 12:57:00,72,4,0.88,97.7,62,Awake
2025-09-14 12:58:00,74,3,0.86,97.3,49,Awake
2025-09-14 12:59:00,81,4,0.97,98.2,58,Awake
2025-09-14 13:00:00,76,3,0.88,97.1,67,Awake
2025-09-14 13:01:00,61,11,1.05,97.8,62,Awake
2025-09-14 13:02:00,78,6,1.02,99.1,43,Awake
2025-09-14 13:03:00,81,5,1.01,97.5,59,Awake
2025-09-14 13:04:00,80,5,1.0,97.0,58,Awake
2025-09-14 13:05:00,85,5,1.05,97.6,66,Awake
2025-09-14 13:06:00,83,3,0.95,96.7,73,Awake
2025-09-14 13:07:00,79,6,1.03,98.9,43,Awake
2025-09-14 13:08:00,74,4,0.9,97.1,77,Awake
2025-09-14 13:09:00,58,5,0.78,96.8,46,Awake
2025-09-14 13:10:00,79,3,0.91,96.3,46,Awake
2025-09-14 13:11:00,77,7,1.05,97.9,65,Awake
2025-09-14 13:12:00,77,3,0.89,97.7,65,Awake
2025-09-14 13:13:00,62,6,0.86,96.6,58,Awake
2025-09-14 13:14:00,64,7,0.92,97.5,48,Awake
2025-09-14 13:15:00,85,1,0.89,95.8,59,Awake
2025-09-14 13:16:00,74,6,0.98,97.1,55,Awake
2025-09-14 13:17:00,81,4,0.97,97.4,56,Awake
2025-09-14 13:18:00,75,2,0.83,98.4,61,Awake
2025-09-14 13:19:00,75,2,0.83,96.4,52,Awake
2025-09-14 13:20:00,84,5,1.04,96.0,51,Awake
2025-09-14 13:21:00,69,5,0.89,96.3,49,Awake
2025-09-14 13:22:00,75,3,0.87,95.9,40,Awake
2025-09-14 13:23:00,70,5,0.9,98.1,71,Awake
2025-09-14 13:24:00,70,11,1.14,98.2,69,Awake
2025-09-14 13:25:00,71,2,0.79,97.3,47,Awake
2025-09-14 13:26:00,77,6,1.01,98.0,60,Awake
2025-09-14 13:27:00,70,5,0.9,97.1,61,Awake
2025-09-14 13:28:00,87,3,0.99,96.9,57,Awake
2025-09-14 13:29:00,66,4,0.82,96.7,41,Awake
2025-09-14 13:30:00,73,10,1.13,96.8,48,Awake
2025-09-14 13:31:00,70,1,0.74,95.8,42,Awake
2025-09-14 13:32:00,89,8,1.21,97.2,65,Awake
2025-09-14 13:33:00,76,3,0.88,97.0,60,Awake
2025-09-14 13:34:00,85,5,1.05,97.6,69,Awake
2025-09-14 13:35:00,60,4,0.76,97.1,67,Awake
2025-09-14 13:36:00,77,11,1.21,96.9,75,Awake
2025-09-14 13:37:00,83,3,0.95,96.3,65,Awake
2025-09-14 13:38:00,75,4,0.91,97.1,73,Awake
2025-09-14 13:39:00,85,3,0.97,97.6,47,Awake
2025-09-14 13:40:00,69,3,0.81,96.1,49,Awake
2025-09-14 13:41:00,89,8,1.21,97.1,53,Awake
2025-09-14 13:42:00,97,1,1.01,97.2,79,Awake
2025-09-14 13:43:00,71,5,0.91,96.4,54,Awake
2025-09-14 13:44:00,70,7,0.98,96.5,56,Awake
2025-09-14 13:45:00,89,3,1.01,97.2,57,Awake
2025-09-14 13:46:00,90,7,1.18,96.1,71,Awake
2025-09-14 13:47:00,69,5,0.89,97.3,77,Awake
2025-09-14 13:48:00,70,7,0.98,96.3,62,Awake
2025-09-14 13:49:00,72,5,0.92,97.9,62,Awake
2025-09-14 13:50:00,61,7,0.89,98.9,74,Awake
2025-09-14 13:51:00,65,5,0.85,96.3,78,Awake
2025-09-14 13:52:00,64,4,0.8,97.4,54,Awake
2025-09-14 13:53:00,67,5,0.87,96.4,63,Awake
2025-09-14 13:54:00,74,11,1.18,97.8,67,Awake
2025-09-14 13:55:00,77,7,1.05,96.0,55,Awake
2025-09-14 13:56:00,90,6,1.14,97.4,55,Awake
2025-09-14 13:57:00,65,3,0.77,96.3,79,Awake
2025-09-14 13:58:00,84,0,0.84,96.8,78,Awake
2025-09-14 13:59:00,72,10,1.12,96.2,45,Awake
2025-09-14 14:00:00,74,5,0.94,97.7,41,Awake
2025-09-14 14:01:00,81,5,1.01,96.3,52,Awake
2025-09-14 14:02:00,63,3,0.75,97.4,48,Awake
2025-09-14 14:03:00,78,4,0.94,96.7,73,Awake
2025-09-14 14:04:00,76,2,0.84,96.9,56,Awake
2025-09-14 14:05:00,79,2,0.87,97.1,66,Awake
2025-09-14 14:06:00,77,7,1.05,96.4,68,Awake
2025-09-14 14:07:00,99,3,1.11,97.2,76,Awake
2025-09-14 14:08:00,68,1,0.72,98.2,61,Awake
2025-09-14 14:09:00,69,3,0.81,96.4,63,Awake
2025-09-14 14:10:00,68,7,0.96,97.9,46,Awake
2025-09-14 14:11:00,69,5,0.89,98.2,73,Awake
2025-09-14 14:12:00,68,5,0.88,96.3,51,Awake
2025-09-14 14:13:00,86,4,1.02,95.8,62,Awake
2025-09-14 14:14:00,89,5,1.09,97.2,54,Awake
2025-09-14 14:15:00,69,5,0.89,96.6,72,Awake
2025-09-14 14:16:00,66,3,0.78,98.5,52,Awake
2025-09-14 14:17:00,79,3,0.91,97.0,62,Awake
2025-09-14 14:18:00,69,6,0.93,96.4,77,Awake
2025-09-14 14:19:00,81,6,1.05,96.1,71,Awake
2025-09-14 14:20:00,77,4,0.93,97.9,74,Awake
2025-09-14 14:21:00,59,9,0.95,96.5,40,Awake
2025-09-14 14:22:00,90,6,1.14,97.0,44,Awake
2025-09-14 14:23:00,92,5,1.12,97.8,52,Awake
2025-09-14 14:24:00,68,5,0.88,96.6,44,Awake
2025-09-14 14:25:00,71,4,0.87,97.0,71,Awake
2025-09-14 14:26:00,77,10,1.17,97.0,60,Awake
2025-09-14 14:27:00,78,6,1.02,97.5,63,Awake
2025-09-14 14:28:00,81,2,0.89,97.5,57,Awake
2025-09-14 14:29:00,95,4,1.11,96.8,60,Awake
2025-09-14 14:30:00,73,3,0.85,97.1,49,Awake
2025-09-14 14:31:00,67,2,0.75,96.7,63,Awake
2025-09-14 14:32:00,61,5,0.81,95.8,79,Awake
2025-09-14 14:33:00,67,6,0.91,97.2,60,Awake
2025-09-14 14:34:00,74,5,0.94,98.5,64,Awake
2025-09-14 14:35:00,92,10,1.32,96.3,62,Awake
2025-09-14 14:36:00,69,5,0.89,96.4,61,Awake
2025-09-14 14:37:00,77,5,0.97,96.3,43,Awake
2025-09-14 14:38:00,74,4,0.9,97.6,73,Awake
2025-09-14 14:39:00,86,4,1.02,97.4,45,Awake
2025-09-14 14:40:00,100,3,1.12,96.9,67,Awake
2025-09-14 14:41:00,69,6,0.93,96.3,70,Awake
2025-09-14 14:42:00,70,4,0.86,97.1,74,Awake
2025-09-14 14:43:00,85,2,0.93,95.7,78,Awake
2025-09-14 14:44:00,81,9,1.17,97.1,62,Awake
2025-09-14 14:45:00,93,5,1.13,97.7,45,Awake
2025-09-14 14:46:00,80,9,1.16,96.0,55,Awake
2025-09-14 14:47:00,71,5,0.91,95.8,41,Awake
2025-09-14 14:48:00,80,5,1.0,98.3,63,Awake
2025-09-14 14:49:00,86,1,0.9,96.5,56,Awake
2025-09-14 14:50:00,83,5,1.03,97.9,40,Awake
2025-09-14 14:51:00,80,8,1.12,96.9,45,Awake
2025-09-14 14:52:00,85,6,1.09,96.9,44,Awake
2025-09-14 14:53:00,86,2,0.94,97.4,68,Awake
2025-09-14 14:54:00,88,5,1.08,96.3,51,Awake
2025-09-14 14:55:00,81,5,1.01,97.1,78,Awake
2025-09-14 14:56:00,73,4,0.89,96.7,42,Awake
2025-09-14 14:57:00,76,6,1.0,95.9,40,Awake
2025-09-14 14:58:00,87,5,1.07,97.3,66,Awake
2025-09-14 14:59:00,66,6,0.9,96.8,63,Awake
2025-09-14 15:00:00,78,5,0.98,96.9,58,Awake
2025-09-14 15:01:00,71,4,0.87,96.0,47,Awake
2025-09-14 15:02:00,75,7,1.03,98.3,41,Awake
2025-09-14 15:03:00,87,5,1.07,97.7,69,Awake
2025-09-14 15:04:00,76,7,1.04,97.8,69,Awake
2025-09-14 15:05:00,75,6,0.99,96.8,78,Awake
2025-09-14 15:06:00,61,4,0.77,95.6,71,Awake
2025-09-14 15:07:00,82,8,1.14,98.6,40,Awake
2025-09-14 15:08:00,81,4,0.97,97.0,77,Awake
2025-09-14 15:09:00,96,3,1.08,96.4,52,Awake
2025-09-14 15:10:00,71,5,0.91,97.3,50,Awake
2025-09-14 15:11:00,77,10,1.17,97.9,49,Awake
2025-09-14 15:12:00,77,6,1.01,97.0,65,Awake
2025-09-14 15:13:00,90,4,1.06,98.0,59,Awake
2025-09-14 15:14:00,74,3,0.86,97.9,56,Awake
2025-09-14 15:15:00,77,3,0.89,96.1,56,Awake
2025-09-14 15:16:00,81,5,1.01,96.5,43,Awake
2025-09-14 15:17:00,76,2,0.84,97.8,44,Awake
2025-09-14 15:18:00,70,6,0.94,94.8,62,Awake
2025-09-14 15:19:00,76,2,0.84,96.9,49,Awake
2025-09-14 15:20:00,85,5,1.05,95.9,67,Awake
2025-09-14 15:21:00,64,2,0.72,96.6,72,Awake
2025-09-14 15:22:00,76,6,1.0,96.8,65,Awake
2025-09-14 15:23:00,67,3,0.79,96.7,68,Awake
2025-09-14 15:24:00,86,5,1.06,96.6,66,Awake
2025-09-14 15:25:00,59,2,0.67,96.1,57,Awake
2025-09-14 15:26:00,69,6,0.93,98.8,79,Awake
2025-09-14 15:27:00,78,6,1.02,98.5,49,Awake
2025-09-14 15:28:00,90,7,1.18,96.1,44,Awake
2025-09-14 15:29:00,74,6,0.98,98.3,49,Awake
2025-09-14 15:30:00,69,6,0.93,96.7,60,Awake
2025-09-14 15:31:00,93,4,1.09,97.1,63,Awake
2025-09-14 15:32:00,60,4,0.76,96.9,77,Awake
2025-09-14 15:33:00,53,7,0.81,96.5,42,Awake
2025-09-14 15:34:00,79,5,0.99,97.8,79,Awake
2025-09-14 15:35:00,69,5,0.89,97.1,70,Awake
2025-09-14 15:36:00,64,8,0.96,96.6,76,Awake
2025-09-14 15:37:00,82,4,0.98,96.0,41,Awake
2025-09-14 15:38:00,77,2,0.85,96.3,41,Awake
2025-09-14 15:39:00,69,3,0.81,95.7,78,Awake
2025-09-14 15:40:00,62,4,0.78,97.0,73,Awake
2025-09-14 15:41:00,83,6,1.07,96.0,59,Awake
2025-09-14 15:42:00,81,9,1.17,96.8,72,Awake
2025-09-14 15:43:00,74,3,0.86,98.1,43,Awake
2025-09-14 15:44:00,93,5,1.13,98.0,50,Awake
2025-09-14 15:45:00,64,3,0.76,97.0,44,Awake
2025-09-14 15:46:00,59,2,0.67,96.9,64,Awake
2025-09-14 15:47:00,68,4,0.84,98.5,76,Awake
2025-09-14 15:48:00,74,9,1.1,97.4,73,Awake
2025-09-14 15:49:00,77,4,0.93,96.7,48,Awake
2025-09-14 15:50:00,72,5,0.92,95.9,45,Awake
2025-09-14 15:51:00,78,8,1.1,97.3,57,Awake
2025-09-14 15:52:00,62,8,0.94,97.7,53,Awake
2025-09-14 15:53:00,89,5,1.09,96.5,58,Awake
2025-09-14 15:54:00,74,3,0.86,97.2,53,Awake
2025-09-14 15:55:00,86,9,1.22,96.7,79,Awake
2025-09-14 15:56:00,78,2,0.86,96.9,56,Awake
2025-09-14 15:57:00,79,8,1.11,95.0,74,Awake
2025-09-14 15:58:00,80,7,1.08,96.8,68,Awake
2025-09-14 15:59:00,79,6,1.03,97.8,56,Awake
2025-09-14 16:00:00,81,9,1.17,96.5,47,Awake
2025-09-14 16:01:00,88,3,1.0,97.0,40,Awake
2025-09-14 16:02:00,76,6,1.0,96.4,75,Awake
2025-09-14 16:03:00,82,7,1.1,97.3,46,Awake
2025-09-14 16:04:00,74,7,1.02,96.8,44,Awake
2025-09-14 16:05:00,89,5,1.09,96.2,63,Awake
2025-09-14 16:06:00,68,5,0.88,98.1,67,Awake
2025-09-14 16:07:00,93,1,0.97,97.7,56,Awake
2025-09-14 16:08:00,74,7,1.02,96.5,76,Awake
2025-09-14 16:09:00,60,4,0.76,97.4,59,Awake
2025-09-14 16:10:00,76,7,1.04,97.4,42,Awake
2025-09-14 16:11:00,68,5,0.88,97.5,76,Awake
2025-09-14 16:12:00,83,5,1.03,95.6,65,Awake
2025-09-14 16:13:00,68,3,0.8,97.8,54,Awake
2025-09-14 16:14:00,70,5,0.9,96.5,47,Awake
2025-09-14 16:15:00,56,5,0.76,96.7,52,Awake
2025-09-14 16:16:00,70,4,0.86,99.1,42,Awake
2025-09-14 16:17:00,50,3,0.62,97.2,40,Awake
2025-09-14 16:18:00,59,3,0.71,96.7,48,Awake
2025-09-14 16:19:00,82,5,1.02,95.2,70,Awake
2025-09-14 16:20:00,82,10,1.22,98.1,65,Awake
2025-09-14 16:21:00,79,2,0.87,95.9,56,Awake
2025-09-14 16:22:00,65,5,0.85,96.2,73,Awake
2025-09-14 16:23:00,74,3,0.86,96.7,48,Awake
2025-09-14 16:24:00,74,4,0.9,98.1,52,Awake
2025-09-14 16:25:00,63,6,0.87,97.6,44,Awake
2025-09-14 16:26:00,90,3,1.02,96.9,52,Awake
2025-09-14 16:27:00,83,4,0.99,97.2,40,Awake
2025-09-14 16:28:00,72,4,0.88,96.5,64,Awake
2025-09-14 16:29:00,75,5,0.95,97.1,43,Awake
2025-09-14 16:30:00,77,8,1.09,97.1,75,Awake
2025-09-14 16:31:00,54,5,0.74,97.8,49,Awake
2025-09-14 16:32:00,72,6,0.96,97.8,67,Awake
2025-09-14 16:33:00,68,3,0.8,97.4,45,Awake
2025-09-14 16:34:00,64,4,0.8,96.7,66,Awake
2025-09-14 16:35:00,72,5,0.92,97.6,51,Awake
2025-09-14 16:36:00,92,6,1.16,96.9,42,Awake
2025-09-14 16:37:00,81,7,1.09,96.1,72,Awake
2025-09-14 16:38:00,69,5,0.89,96.7,49,Awake
2025-09-14 16:39:00,80,2,0.88,97.1,70,Awake
2025-09-14 16:40:00,88,6,1.12,97.7,54,Awake
2025-09-14 16:41:00,84,4,1.0,96.9,46,Awake
2025-09-14 16:42:00,75,2,0.83,96.0,75,Awake
2025-09-14 16:43:00,68,4,0.84,97.0,53,Awake
2025-09-14 16:44:00,81,2,0.89,97.1,53,Awake
2025-09-14 16:45:00,78,3,0.9,97.1,42,Awake
2025-09-14 16:46:00,83,4,0.99,97.7,42,Awake
2025-09-14 16:47:00,81,7,1.09,97.8,61,Awake
2025-09-14 16:48:00,85,5,1.05,96.5,58,Awake
2025-09-14 16:49:00,69,5,0.89,96.5,74,Awake
2025-09-14 16:50:00,88,7,1.16,96.2,51,Awake
2025-09-14 16:51:00,76,9,1.12,97.6,44,Awake
2025-09-14 16:52:00,95,7,1.23,98.2,49,Awake
2025-09-14 16:53:00,68,6,0.92,96.7,72,Awake
2025-09-14 16:54:00,92,6,1.16,96.8,52,Awake
2025-09-14 16:55:00,76,9,1.12,98.2,74,Awake
2025-09-14 16:56:00,68,2,0.76,97.4,71,Awake
2025-09-14 16:57:00,70,3,0.82,97.3,50,Awake
2025-09-14 16:58:00,71,9,1.07,96.0,77,Awake
2025-09-14 16:59:00,79,3,0.91,97.5,63,Awake
2025-09-14 17:00:00,80,8,1.12,96.3,12,Awake
2025-09-14 17:01:00,69,5,0.89,96.1,28,Awake
2025-09-14 17:02:00,74,4,0.9,96.7,15,Awake
2025-09-14 17:03:00,96,9,1.32,96.5,17,Awake
2025-09-14 17:04:00,92,2,1.0,96.8,31,Awake
2025-09-14 17:05:00,79,5,0.99,95.8,22,Awake
2025-09-14 17:06:00,75,10,1.15,97.8,21,Awake
2025-09-14 17:07:00,76,5,0.96,97.9,39,Awake
2025-09-14 17:08:00,81,4,0.97,95.4,19,Awake
2025-09-14 17:09:00,64,7,0.92,97.8,12,Awake
2025-09-14 17:10:00,72,3,0.84,96.4,13,Awake
2025-09-14 17:11:00,58,6,0.82,97.7,10,Awake
2025-09-14 17:12:00,78,3,0.9,96.9,22,Awake
2025-09-14 17:13:00,81,3,0.93,97.0,33,Awake
2025-09-14 17:14:00,70,4,0.86,96.9,13,Awake
2025-09-14 17:15:00,90,1,0.94,98.0,31,Awake
2025-09-14 17:16:00,62,2,0.7,96.0,20,Awake
2025-09-14 17:17:00,60,4,0.76,97.5,28,Awake
2025-09-14 17:18:00,77,5,0.97,97.9,20,Awake
2025-09-14 17:19:00,85,8,1.17,97.6,21,Awake
2025-09-14 17:20:00,91,7,1.19,98.9,20,Awake
2025-09-14 17:21:00,70,7,0.98,96.6,15,Awake
2025-09-14 17:22:00,85,2,0.93,97.8,21,Awake
2025-09-14 17:23:00,74,6,0.98,96.9,36,Awake
2025-09-14 17:24:00,73,8,1.05,98.0,18,Awake
2025-09-14 17:25:00,83,6,1.07,97.0,34,Awake
2025-09-14 17:26:00,81,4,0.97,96.7,19,Awake
2025-09-14 17:27:00,59,4,0.75,98.0,12,Awake
2025-09-14 17:28:00,89,4,1.05,96.6,12,Awake
2025-09-14 17:29:00,88,1,0.92,95.9,29,Awake
2025-09-14 17:30:00,68,6,0.92,96.6,37,Awake
2025-09-14 17:31:00,78,8,1.1,97.5,32,Awake
2025-09-14 17:32:00,79,7,1.07,98.1,25,Awake
2025-09-14 17:33:00,77,7,1.05,97.1,12,Awake
2025-09-14 17:34:00,69,6,0.93,98.1,19,Awake
2025-09-14 17:35:00,68,6,0.92,95.9,33,Awake
2025-09-14 17:36:00,74,4,0.9,96.6,20,Awake
2025-09-14 17:37:00,86,3,0.98,96.8,17,Awake
2025-09-14 17:38:00,80,6,1.04,96.9,15,Awake
2025-09-14 17:39:00,71,3,0.83,97.1,29,Awake
2025-09-14 17:40:00,82,10,1.22,97.6,20,Awake
2025-09-14 17:41:00,46,5,0.66,96.6,37,Awake
2025-09-14 17:42:00,86,6,1.1,97.1,36,Awake
2025-09-14 17:43:00,57,6,0.81,97.0,30,Awake
2025-09-14 17:44:00,71,4,0.87,96.3,21,Awake
2025-09-14 17:45:00,63,6,0.87,96.9,25,Awake
2025-09-14 17:46:00,62,5,0.82,96.9,27,Awake
2025-09-14 17:47:00,86,3,0.98,96.9,22,Awake
2025-09-14 17:48:00,70,2,0.78,97.0,31,Awake
2025-09-14 17:49:00,78,3,0.9,97.1,12,Awake
2025-09-14 17:50:00,74,2,0.82,96.7,24,Awake
2025-09-14 17:51:00,79,8,1.11,98.0,31,Awake
2025-09-14 17:52:00,75,7,1.03,96.1,37,Awake
2025-09-14 17:53:00,62,4,0.78,96.4,30,Awake
2025-09-14 17:54:00,84,3,0.96,99.2,23,Awake
2025-09-14 17:55:00,70,3,0.82,96.2,27,Awake
2025-09-14 17:56:00,59,6,0.83,95.9,37,Awake
2025-09-14 17:57:00,70,5,0.9,97.6,38,Awake
2025-09-14 17:58:00,90,1,0.94,95.3,23,Awake
2025-09-14 17:59:00,83,8,1.15,96.8,14,Awake
2025-09-14 18:00:00,114,120,5.94,98.7,80,Awake
2025-09-14 18:01:00,114,111,5.58,95.8,73,Awake
2025-09-14 18:02:00,115,126,6.19,95.4,84,Awake
2025-09-14 18:03:00,151,116,6.15,95.8,86,Awake
2025-09-14 18:04:00,125,108,5.57,97.7,82,Awake
2025-09-14 18:05:00,126,115,5.86,97.9,90,Awake
2025-09-14 18:06:00,135,130,6.55,96.6,88,Awake
2025-09-14 18:07:00,123,130,6.43,97.5,89,Awake
2025-09-14 18:08:00,116,115,5.76,98.1,85,Awake
2025-09-14 18:09:00,117,111,5.61,98.4,79,Awake
2025-09-14 18:10:00,118,120,5.98,96.8,78,Awake
2025-09-14 18:11:00,119,120,5.99,95.2,86,Awake
2025-09-14 18:12:00,130,134,6.66,96.3,84,Awake
2025-09-14 18:13:00,120,122,6.08,96.7,82,Awake
2025-09-14 18:14:00,130,123,6.22,96.8,88,Awake
2025-09-14 18:15:00,118,116,5.82,96.8,74,Awake
2025-09-14 18:16:00,121,119,5.97,97.9,62,Awake
2025-09-14 18:17:00,90,134,6.26,98.0,69,Awake
2025-09-14 18:18:00,133,111,5.77,96.9,74,Awake
2025-09-14 18:19:00,125,118,5.97,97.9,75,Awake
2025-09-14 18:20:00,134,121,6.18,97.3,76,Awake
2025-09-14 18:21:00,76,112,5.24,97.1,78,Awake
2025-09-14 18:22:00,151,96,5.35,97.7,70,Awake
2025-09-14 18:23:00,117,116,5.81,97.1,64,Awake
2025-09-14 18:24:00,136,114,5.92,98.6,64,Awake
2025-09-14 18:25:00,104,114,5.6,95.8,73,Awake
2025-09-14 18:26:00,129,117,5.97,96.6,85,Awake
2025-09-14 18:27:00,104,111,5.48,96.9,67,Awake
2025-09-14 18:28:00,110,127,6.18,97.4,64,Awake
2025-09-14 18:29:00,148,102,5.56,98.0,66,Awake
2025-09-14 18:30:00,117,99,5.13,97.0,75,Awake
2025-09-14 18:31:00,123,128,6.35,95.9,73,Awake
2025-09-14 18:32:00,133,133,6.65,97.7,63,Awake
2025-09-14 18:33:00,127,133,6.59,97.6,76,Awake
2025-09-14 18:34:00,122,110,5.62,95.4,65,Awake
2025-09-14 18:35:00,125,146,7.09,97.0,75,Awake
2025-09-14 18:36:00,156,109,5.92,95.7,88,Awake
2025-09-14 18:37:00,119,124,6.15,96.5,69,Awake
2025-09-14 18:38:00,123,105,5.43,96.3,88,Awake
2025-09-14 18:39:00,135,111,5.79,97.6,73,Awake
2025-09-14 18:40:00,136,117,6.04,97.1,63,Awake
2025-09-14 18:41:00,137,110,5.77,96.0,72,Awake
2025-09-14 18:42:00,129,111,5.73,97.7,77,Awake
2025-09-14 18:43:00,102,114,5.58,95.9,92,Awake
2025-09-14 18:44:00,144,120,6.24,97.3,80,Awake
2025-09-14 18:45:00,102,133,6.34,96.3,75,Awake
2025-09-14 18:46:00,124,115,5.84,96.7,74,Awake
2025-09-14 18:47:00,108,114,5.64,97.4,64,Awake
2025-09-14 18:48:00,119,127,6.27,97.4,65,Awake
2025-09-14 18:49:00,124,117,5.92,98.1,62,Awake
2025-09-14 18:50:00,124,126,6.28,96.9,71,Awake
2025-09-14 18:51:00,126,113,5.78,97.2,92,Awake
2025-09-14 18:52:00,144,113,5.96,96.6,92,Awake
2025-09-14 18:53:00,126,128,6.38,97.1,90,Awake
2025-09-14 18:54:00,116,125,6.16,97.4,80,Awake
2025-09-14 18:55:00,134,138,6.86,96.9,86,Awake
2025-09-14 18:56:00,137,128,6.49,95.6,86,Awake
2025-09-14 18:57:00,101,112,5.49,97.3,67,Awake
2025-09-14 18:58:00,128,115,5.88,97.3,91,Awake
2025-09-14 18:59:00,130,136,6.74,96.5,85,Awake
2025-09-14 19:00:00,115,124,6.11,96.0,61,Awake
2025-09-14 19:01:00,140,96,5.24,98.2,71,Awake
2025-09-14 19:02:00,117,120,5.97,97.4,81,Awake
2025-09-14 19:03:00,121,109,5.57,96.8,76,Awake
2025-09-14 19:04:00,117,114,5.73,96.1,66,Awake
2025-09-14 19:05:00,120,119,5.96,96.3,63,Awake
2025-09-14 19:06:00,103,140,6.63,98.0,91,Awake
2025-09-14 19:07:00,98,127,6.06,97.1,70,Awake
2025-09-14 19:08:00,143,129,6.59,96.6,60,Awake
2025-09-14 19:09:00,107,129,6.23,97.4,84,Awake
2025-09-14 19:10:00,105,125,6.05,96.3,83,Awake
2025-09-14 19:11:00,87,122,5.75,98.2,76,Awake
2025-09-14 19:12:00,110,119,5.86,98.1,67,Awake
2025-09-14 19:13:00,100,101,5.04,96.6,86,Awake
2025-09-14 19:14:00,144,113,5.96,96.5,77,Awake
2025-09-14 19:15:00,135,106,5.59,94.9,86,Awake
2025-09-14 19:16:00,109,130,6.29,95.8,81,Awake
2025-09-14 19:17:00,153,104,5.69,95.9,75,Awake
2025-09-14 19:18:00,134,135,6.74,97.1,61,Awake
2025-09-14 19:19:00,115,119,5.91,96.7,64,Awake
2025-09-14 19:20:00,82,125,5.82,95.9,77,Awake
2025-09-14 19:21:00,154,132,6.82,96.8,62,Awake
2025-09-14 19:22:00,99,100,4.99,97.4,86,Awake
2025-09-14 19:23:00,95,95,4.75,97.4,76,Awake
2025-09-14 19:24:00,135,106,5.59,95.5,75,Awake
2025-09-14 19:25:00,156,116,6.2,96.9,65,Awake
2025-09-14 19:26:00,140,123,6.32,95.9,66,Awake
2025-09-14 19:27:00,128,127,6.36,97.7,73,Awake
2025-09-14 19:28:00,128,128,6.4,97.6,74,Awake
2025-09-14 19:29:00,132,124,6.28,96.3,92,Awake
2025-09-14 19:30:00,131,113,5.83,96.4,86,Awake
2025-09-14 19:31:00,124,127,6.32,96.6,88,Awake
2025-09-14 19:32:00,121,99,5.17,95.2,64,Awake
2025-09-14 19:33:00,119,125,6.19,97.3,88,Awake
2025-09-14 19:34:00,108,106,5.32,96.8,91,Awake
2025-09-14 19:35:00,115,118,5.87,97.8,65,Awake
2025-09-14 19:36:00,94,115,5.54,96.1,61,Awake
2025-09-14 19:37:00,118,127,6.26,96.5,65,Awake
2025-09-14 19:38:00,105,97,4.93,95.8,63,Awake
2025-09-14 19:39:00,103,119,5.79,96.2,88,Awake
2025-09-14 19:40:00,122,124,6.18,96.1,84,Awake
2025-09-14 19:41:00,140,121,6.24,97.8,68,Awake
2025-09-14 19:42:00,133,119,6.09,96.4,62,Awake
2025-09-14 19:43:00,96,126,6.0,97.1,85,Awake
2025-09-14 19:44:00,105,127,6.13,96.7,86,Awake
2025-09-14 19:45:00,134,114,5.9,96.0,91,Awake
2025-09-14 19:46:00,105,125,6.05,96.9,60,Awake
2025-09-14 19:47:00,116,123,6.08,97.5,75,Awake
2025-09-14 19:48:00,128,136,6.72,96.0,70,Awake
2025-09-14 19:49:00,105,119,5.81,97.6,85,Awake
2025-09-14 19:50:00,121,125,6.21,96.3,60,Awake
2025-09-14 19:51:00,99,111,5.43,96.6,85,Awake
2025-09-14 19:52:00,110,132,6.38,97.4,87,Awake
2025-09-14 19:53:00,124,111,5.68,96.5,68,Awake
2025-09-14 19:54:00,96,109,5.32,97.0,81,Awake
2025-09-14 19:55:00,126,138,6.78,96.7,67,Awake
2025-09-14 19:56:00,119,129,6.35,97.1,86,Awake
2025-09-14 19:57:00,128,133,6.6,95.1,78,Awake
2025-09-14 19:58:00,123,115,5.83,95.5,84,Awake
2025-09-14 19:59:00,140,102,5.48,97.5,80,Awake
2025-09-14 20:00:00,76,3,0.88,97.8,33,Awake
2025-09-14 20:01:00,70,3,0.82,96.3,33,Awake
2025-09-14 20:02:00,76,4,0.92,96.8,37,Awake
2025-09-14 20:03:00,80,2,0.88,97.2,37,Awake
2025-09-14 20:04:00,75,7,1.03,97.6,28,Awake
2025-09-14 20:05:00,75,6,0.99,95.4,27,Awake
2025-09-14 20:06:00,67,7,0.95,96.3,24,Awake
2025-09-14 20:07:00,68,5,0.88,96.7,11,Awake
2025-09-14 20:08:00,60,4,0.76,97.6,23,Awake
2025-09-14 20:09:00,92,5,1.12,99.0,30,Awake
2025-09-14 20:10:00,62,4,0.78,96.8,19,Awake
2025-09-14 20:11:00,68,7,0.96,95.9,37,Awake
2025-09-14 20:12:00,67,5,0.87,97.3,25,Awake
2025-09-14 20:13:00,83,6,1.07,98.1,16,Awake
2025-09-14 20:14:00,72,5,0.92,97.1,17,Awake
2025-09-14 20:15:00,87,2,0.95,96.3,19,Awake
2025-09-14 20:16:00,68,4,0.84,97.8,24,Awake
2025-09-14 20:17:00,77,4,0.93,97.5,17,Awake
2025-09-14 20:18:00,66,6,0.9,96.2,22,Awake
2025-09-14 20:19:00,96,11,1.4,97.3,21,Awake
2025-09-14 20:20:00,63,6,0.87,97.8,17,Awake
2025-09-14 20:21:00,78,8,1.1,97.9,24,Awake
2025-09-14 20:22:00,81,5,1.01,96.9,35,Awake
2025-09-14 20:23:00,79,3,0.91,96.7,21,Awake
2025-09-14 20:24:00,73,5,0.93,98.0,20,Awake
2025-09-14 20:25:00,73,1,0.77,96.0,28,Awake
2025-09-14 20:26:00,75,8,1.07,97.4,23,Awake
2025-09-14 20:27:00,73,6,0.97,95.9,36,Awake
2025-09-14 20:28:00,84,4,1.0,97.9,27,Awake
2025-09-14 20:29:00,97,7,1.25,96.8,22,Awake
2025-09-14 20:30:00,69,1,0.73,98.0,13,Awake
2025-09-14 20:31:00,61,7,0.89,97.4,26,Awake
2025-09-14 20:32:00,74,3,0.86,96.0,28,Awake
2025-09-14 20:33:00,100,9,1.36,98.1,36,Awake
2025-09-14 20:34:00,66,4,0.82,98.2,18,Awake
2025-09-14 20:35:00,91,2,0.99,97.7,32,Awake
2025-09-14 20:36:00,91,4,1.07,96.4,16,Awake
2025-09-14 20:37:00,69,6,0.93,96.8,10,Awake
2025-09-14 20:38:00,80,2,0.88,97.1,16,Awake
2025-09-14 20:39:00,91,1,0.95,96.4,35,Awake
2025-09-14 20:40:00,71,7,0.99,98.4,16,Awake
2025-09-14 20:41:00,72,7,1.0,97.1,29,Awake
2025-09-14 20:42:00,69,6,0.93,94.8,16,Awake
2025-09-14 20:43:00,64,8,0.96,97.3,17,Awake
2025-09-14 20:44:00,68,7,0.96,96.7,25,Awake
2025-09-14 20:45:00,62,5,0.82,96.9,12,Awake
2025-09-14 20:46:00,75,6,0.99,96.7,22,Awake
2025-09-14 20:47:00,67,6,0.91,97.6,19,Awake
2025-09-14 20:48:00,77,7,1.05,97.9,27,Awake
2025-09-14 20:49:00,59,6,0.83,97.2,16,Awake
2025-09-14 20:50:00,78,3,0.9,96.7,30,Awake
2025-09-14 20:51:00,83,3,0.95,97.0,30,Awake
2025-09-14 20:52:00,55,1,0.59,97.0,39,Awake
2025-09-14 20:53:00,78,5,0.98,96.4,14,Awake
2025-09-14 20:54:00,87,3,0.99,97.5,32,Awake
2025-09-14 20:55:00,62,9,0.98,97.4,34,Awake
2025-09-14 20:56:00,91,8,1.23,98.2,36,Awake
2025-09-14 20:57:00,79,4,0.95,98.0,33,Awake
2025-09-14 20:58:00,67,2,0.75,96.5,31,Awake
2025-09-14 20:59:00,74,3,0.86,97.7,16,Awake
2025-09-14 21:00:00,80,2,0.88,96.2,34,Awake
2025-09-14 21:01:00,75,4,0.91,97.6,39,Awake
2025-09-14 21:02:00,80,4,0.96,96.6,36,Awake
2025-09-14 21:03:00,65,5,0.85,96.2,31,Awake
2025-09-14 21:04:00,76,8,1.08,97.2,26,Awake
2025-09-14 21:05:00,60,6,0.84,94.9,13,Awake
2025-09-14 21:06:00,73,3,0.85,95.6,33,Awake
2025-09-14 21:07:00,65,5,0.85,96.9,32,Awake
2025-09-14 21:08:00,67,6,0.91,97.1,25,Awake
2025-09-14 21:09:00,87,3,0.99,96.7,28,Awake
2025-09-14 21:10:00,85,8,1.17,95.7,19,Awake
2025-09-14 21:11:00,81,8,1.13,96.3,12,Awake
2025-09-14 21:12:00,64,5,0.84,97.3,36,Awake
2025-09-14 21:13:00,71,4,0.87,97.5,12,Awake
2025-09-14 21:14:00,87,2,0.95,97.0,37,Awake
2025-09-14 21:15:00,76,6,1.0,97.9,26,Awake
2025-09-14 21:16:00,98,5,1.18,97.3,19,Awake
2025-09-14 21:17:00,78,6,1.02,96.4,26,Awake
2025-09-14 21:18:00,76,7,1.04,96.8,31,Awake
2025-09-14 21:19:00,71,3,0.83,95.9,39,Awake
2025-09-14 21:20:00,76,9,1.12,96.9,39,Awake
2025-09-14 21:21:00,73,2,0.81,97.9,26,Awake
2025-09-14 21:22:00,82,0,0.82,97.5,30,Awake
2025-09-14 21:23:00,84,6,1.08,98.1,13,Awake
2025-09-14 21:24:00,67,4,0.83,96.8,30,Awake
2025-09-14 21:25:00,61,6,0.85,98.1,32,Awake
2025-09-14 21:26:00,56,4,0.72,96.8,15,Awake
2025-09-14 21:27:00,80,5,1.0,98.2,21,Awake
2025-09-14 21:28:00,63,2,0.71,97.0,34,Awake
2025-09-14 21:29:00,53,5,0.73,97.6,31,Awake
2025-09-14 21:30:00,78,4,0.94,98.2,34,Awake
2025-09-14 21:31:00,99,3,1.11,96.8,29,Awake
2025-09-14 21:32:00,74,5,0.94,97.2,26,Awake
2025-09-14 21:33:00,83,3,0.95,98.0,26,Awake
2025-09-14 21:34:00,75,3,0.87,96.9,19,Awake
2025-09-14 21:35:00,74,4,0.9,95.9,16,Awake
2025-09-14 21:36:00,84,8,1.16,98.7,38,Awake
2025-09-14 21:37:00,72,5,0.92,96.6,25,Awake
2025-09-14 21:38:00,77,4,0.93,97.1,38,Awake
2025-09-14 21:39:00,78,4,0.94,97.9,22,Awake
2025-09-14 21:40:00,68,4,0.84,96.5,12,Awake
2025-09-14 21:41:00,84,4,1.0,96.2,11,Awake
2025-09-14 21:42:00,73,7,1.01,97.2,25,Awake
2025-09-14 21:43:00,67,8,0.99,95.6,39,Awake
2025-09-14 21:44:00,80,7,1.08,96.8,15,Awake
2025-09-14 21:45:00,66,3,0.78,97.2,15,Awake
2025-09-14 21:46:00,75,6,0.99,96.8,22,Awake
2025-09-14 21:47:00,74,6,0.98,95.8,16,Awake
2025-09-14 21:48:00,85,4,1.01,98.3,14,Awake
2025-09-14 21:49:00,79,6,1.03,97.1,33,Awake
2025-09-14 21:50:00,74,9,1.1,98.1,16,Awake
2025-09-14 21:51:00,83,6,1.07,96.8,11,Awake
2025-09-14 21:52:00,88,4,1.04,96.3,26,Awake
2025-09-14 21:53:00,80,6,1.04,97.2,22,Awake
2025-09-14 21:54:00,75,7,1.03,96.8,39,Awake
2025-09-14 21:55:00,61,4,0.77,96.1,34,Awake
2025-09-14 21:56:00,64,3,0.76,98.2,30,Awake
2025-09-14 21:57:00,71,4,0.87,96.5,37,Awake
2025-09-14 21:58:00,68,5,0.88,95.5,36,Awake
2025-09-14 21:59:00,73,3,0.85,98.1,30,Awake
2025-09-14 22:00:00,75,5,0.95,96.6,37,Awake
2025-09-14 22:01:00,80,3,0.92,96.5,25,Awake
2025-09-14 22:02:00,74,5,0.94,95.6,35,Awake
2025-09-14 22:03:00,79,5,0.99,98.4,29,Awake
2025-09-14 22:04:00,75,5,0.95,96.0,11,Awake
2025-09-14 22:05:00,55,6,0.79,97.0,14,Awake
2025-09-14 22:06:00,65,6,0.89,97.7,27,Awake
2025-09-14 22:07:00,73,6,0.97,97.3,37,Awake
2025-09-14 22:08:00,62,5,0.82,97.0,16,Awake
2025-09-14 22:09:00,80,7,1.08,95.6,20,Awake
2025-09-14 22:10:00,90,3,1.02,96.4,34,Awake
2025-09-14 22:11:00,87,5,1.07,97.2,34,Awake
2025-09-14 22:12:00,72,7,1.0,96.4,20,Awake
2025-09-14 22:13:00,89,2,0.97,97.2,31,Awake
2025-09-14 22:14:00,76,8,1.08,97.5,26,Awake
2025-09-14 22:15:00,71,4,0.87,97.8,25,Awake
2025-09-14 22:16:00,68,2,0.76,96.0,22,Awake
2025-09-14 22:17:00,71,5,0.91,98.8,31,Awake
2025-09-14 22:18:00,71,5,0.91,97.6,14,Awake
2025-09-14 22:19:00,76,4,0.92,97.0,29,Awake
2025-09-14 22:20:00,76,6,1.0,97.9,25,Awake
2025-09-14 22:21:00,75,8,1.07,98.9,37,Awake
2025-09-14 22:22:00,79,4,0.95,95.8,31,Awake
2025-09-14 22:23:00,86,3,0.98,96.8,31,Awake
2025-09-14 22:24:00,84,6,1.08,95.1,25,Awake
2025-09-14 22:25:00,60,4,0.76,97.2,25,Awake
2025-09-14 22:26:00,49,2,0.57,97.3,23,Awake
2025-09-14 22:27:00,84,3,0.96,97.0,15,Awake
2025-09-14 22:28:00,61,1,0.65,96.5,11,Awake
2025-09-14 22:29:00,72,9,1.08,95.4,23,Awake
2025-09-14 22:30:00,63,5,0.83,97.3,25,Awake
2025-09-14 22:31:00,56,3,0.68,98.2,32,Awake
2025-09-14 22:32:00,80,4,0.96,96.5,39,Awake
2025-09-14 22:33:00,82,3,0.94,97.4,29,Awake
2025-09-14 22:34:00,69,4,0.85,95.7,22,Awake
2025-09-14 22:35:00,49,6,0.73,97.4,24,Awake
2025-09-14 22:36:00,69,4,0.85,96.7,21,Awake
2025-09-14 22:37:00,78,2,0.86,96.4,18,Awake
2025-09-14 22:38:00,60,6,0.84,96.4,35,Awake
2025-09-14 22:39:00,76,3,0.88,96.7,27,Awake
2025-09-14 22:40:00,74,6,0.98,97.3,30,Awake
2025-09-14 22:41:00,80,2,0.88,96.0,23,Awake
2025-09-14 22:42:00,76,8,1.08,96.7,29,Awake
2025-09-14 22:43:00,65,3,0.77,97.0,34,Awake
2025-09-14 22:44:00,86,6,1.1,96.1,13,Awake
2025-09-14 22:45:00,73,4,0.89,98.4,17,Awake
2025-09-14 22:46:00,74,5,0.94,96.3,17,Awake
2025-09-14 22:47:00,65,6,0.89,96.5,31,Awake
2025-09-14 22:48:00,70,1,0.74,96.2,31,Awake
2025-09-14 22:49:00,66,5,0.86,98.4,25,Awake
2025-09-14 22:50:00,73,7,1.01,97.4,36,Awake
2025-09-14 22:51:00,92,6,1.16,96.3,33,Awake
2025-09-14 22:52:00,61,6,0.85,97.9,37,Awake
2025-09-14 22:53:00,58,7,0.86,97.2,38,Awake
2025-09-14 22:54:00,89,4,1.05,97.2,37,Awake
2025-09-14 22:55:00,72,3,0.84,96.7,19,Awake
2025-09-14 22:56:00,68,8,1.0,96.4,34,Awake
2025-09-14 22:57:00,85,4,1.01,97.3,30,Awake
2025-09-14 22:58:00,68,5,0.88,96.6,36,Awake
2025-09-14 22:59:00,93,5,1.13,98.5,26,Awake
2025-09-14 23:00:00,58,0,0.58,96.0,10,Light
2025-09-14 23:01:00,52,0,0.52,98.2,27,Light
2025-09-14 23:02:00,65,0,0.65,96.9,19,Light
2025-09-14 23:03:00,51,0,0.51,97.2,35,Light
2025-09-14 23:04:00,58,0,0.58,97.7,30,Light
2025-09-14 23:05:00,56,0,0.56,96.5,13,Light
2025-09-14 23:06:00,61,0,0.61,97.7,10,Light
2025-09-14 23:07:00,62,0,0.62,94.8,13,Light
2025-09-14 23:08:00,55,0,0.55,96.4,13,Light
2025-09-14 23:09:00,51,0,0.51,96.3,35,Light
2025-09-14 23:10:00,57,0,0.57,96.0,13,Deep
2025-09-14 23:11:00,51,0,0.51,96.8,26,Deep
2025-09-14 23:12:00,65,0,0.65,97.3,18,Deep
2025-09-14 23:13:00,55,0,0.55,97.6,39,Deep
2025-09-14 23:14:00,53,0,0.53,97.2,28,Deep
2025-09-14 23:15:00,55,0,0.55,96.5,22,Deep
2025-09-14 23:16:00,48,0,0.48,97.3,13,Deep
2025-09-14 23:17:00,50,0,0.5,97.1,14,Deep
2025-09-14 23:18:00,61,0,0.61,97.7,38,Deep
2025-09-14 23:19:00,51,0,0.51,97.6,22,Deep
2025-09-14 23:20:00,49,0,0.49,97.0,32,Deep
2025-09-14 23:21:00,57,0,0.57,96.3,25,Deep
2025-09-14 23:22:00,60,0,0.6,96.5,31,Deep
2025-09-14 23:23:00,58,0,0.58,96.6,14,Deep
2025-09-14 23:24:00,59,0,0.59,96.7,17,Deep
2025-09-14 23:25:00,51,0,0.51,97.2,25,Deep
2025-09-14 23:26:00,47,0,0.47,97.6,39,Deep
2025-09-14 23:27:00,62,0,0.62,97.0,10,Deep
2025-09-14 23:28:00,53,0,0.53,97.0,32,Deep
2025-09-14 23:29:00,53,0,0.53,97.1,37,Deep
2025-09-14 23:30:00,61,0,0.61,96.6,15,REM
2025-09-14 23:31:00,57,0,0.57,96.3,20,REM
2025-09-14 23:32:00,57,0,0.57,95.6,25,REM
2025-09-14 23:33:00,65,0,0.65,96.4,14,REM
2025-09-14 23:34:00,51,0,0.51,97.4,25,REM
2025-09-14 23:35:00,59,0,0.59,96.4,16,REM
2025-09-14 23:36:00,55,0,0.55,96.8,28,REM
2025-09-14 23:37:00,56,0,0.56,97.4,10,REM
2025-09-14 23:38:00,62,0,0.62,97.4,18,REM
2025-09-14 23:39:00,57,0,0.57,96.1,27,REM
2025-09-14 23:40:00,57,0,0.57,97.8,22,REM
2025-09-14 23:41:00,60,0,0.6,97.9,35,REM
2025-09-14 23:42:00,53,0,0.53,96.1,24,REM
2025-09-14 23:43:00,50,0,0.5,96.3,12,REM
2025-09-14 23:44:00,49,0,0.49,98.0,33,REM
2025-09-14 23:45:00,45,0,0.45,96.9,37,Light
2025-09-14 23:46:00,65,0,0.65,95.2,19,Light
2025-09-14 23:47:00,49,0,0.49,95.9,18,Light
2025-09-14 23:48:00,53,0,0.53,96.8,22,Light
2025-09-14 23:49:00,53,0,0.53,96.1,25,Light
2025-09-14 23:50:00,56,0,0.56,96.7,12,Light
2025-09-14 23:51:00,59,0,0.59,97.0,31,Light
2025-09-14 23:52:00,59,0,0.59,98.2,32,Light
2025-09-14 23:53:00,52,0,0.52,96.8,24,Light
2025-09-14 23:54:00,54,0,0.54,97.9,26,Light
2025-09-14 23:55:00,56,0,0.56,98.1,23,Light
2025-09-14 23:56:00,53,0,0.53,98.1,16,Light
2025-09-14 23:57:00,63,0,0.63,97.2,29,Light
2025-09-14 23:58:00,57,0,0.57,95.4,25,Light
2025-09-14 23:59:00,58,0,0.58,97.4,30,Light